-- 5th Practical
create database attendance;
use attendance;

create table faculty(fac_id int primary key auto_increment, fac_name varchar(20));
create table semester(sem_id int primary key auto_increment, sem int unique);
create table student(stu_id int primary key auto_increment, stu_name varchar(20), sem_id int, foreign key(sem_id) references semester(sem_id));
create table subject(sub_id int primary key auto_increment, sem_id int, sub_name varchar(20), foreign key(sem_id) references semester(sem_id) );
create table attend(att_id int primary key auto_increment, fac_id int, sem_id int, stu_id int, sub_id int, attdate date, attstatus varchar(2) 
check(attstatus in ("A", "P")), foreign key(sem_id) references semester(sem_id), foreign key(fac_id) references faculty(fac_id),
foreign key(stu_id) references student(stu_id), foreign key(sub_id) references subject(sub_id) );

-- 1
insert into faculty (fac_name) values("Harsh");
insert into faculty (fac_name) values("Mohit");
insert into faculty (fac_name) values("Vraj");
insert into faculty (fac_name) values("Deep");
insert into faculty (fac_name) values("Ved");

insert into semester (sem) values(1);
insert into semester (sem) values(2);
insert into semester (sem) values(3);
insert into semester (sem) values(4);
insert into semester (sem) values(5);
insert into semester (sem) values(6);
insert into semester (sem) values(7);

-- 2
insert into student (stu_name, sem_id) values("alex", 1);
insert into student (stu_name, sem_id) values("tom", 1);
insert into student (stu_name, sem_id) values("frank", 1);
insert into student (stu_name, sem_id) values("tommy", 1);
insert into student (stu_name, sem_id) values("buzo", 1);
insert into student (stu_name, sem_id) values("stacy", 3);
insert into student (stu_name, sem_id) values("selina", 3);
insert into student (stu_name, sem_id) values("aliana", 3);
insert into student (stu_name, sem_id) values("amanda", 3);
insert into student (stu_name, sem_id) values("rihana", 3);
insert into student (stu_name, sem_id) values("sunny", 5);
insert into student (stu_name, sem_id) values("priyank", 5);
insert into student (stu_name, sem_id) values("loki", 5);
insert into student (stu_name, sem_id) values("thor", 5);
insert into student (stu_name, sem_id) values("iron", 5);
insert into student (stu_name, sem_id) values("strange", 7);
insert into student (stu_name, sem_id) values("james", 7);
insert into student (stu_name, sem_id) values("barack", 7);
insert into student (stu_name, sem_id) values("narendra", 7);
insert into student (stu_name, sem_id) values("amit", 7);

-- 3
insert into subject (sem_id, sub_name) values(1,"dbms");
insert into subject (sem_id, sub_name) values(1,"oop");
insert into subject (sem_id, sub_name) values(1,"ed");
insert into subject (sem_id, sub_name) values(3,"java");
insert into subject (sem_id, sub_name) values(3,"python");
insert into subject (sem_id, sub_name) values(3,"PT");
insert into subject (sem_id, sub_name) values(5,"chemistry");
insert into subject (sem_id, sub_name) values(5,"physics");
insert into subject (sem_id, sub_name) values(5,"biology");
insert into subject (sem_id, sub_name) values(7,"anatomy");
insert into subject (sem_id, sub_name) values(7,"rocket science");
insert into subject (sem_id, sub_name) values(7,"machine learning");

select * from faculty;
select * from semester;
select * from student;
select * from subject;
select * from attend;

-- 5
select * from attend where attstatus = "A" and attdate = "2022-08-01";
-- 6
select * from attend where attstatus = "A" and attdate between "2022-08-01" and "2022-08-05" order by attdate;
-- 7
select distinct fac_id, sub_id, attdate from attend where fac_id = 3 order by attdate;
-- 8 
select distinct sub_id, sem_id, attdate from attend where sem_id = 3;
-- 9
SELECT 
	s.sub_name,
	st.stu_name,
	a.percentge
FROM ( SELECT sub_id,a.stu_id,
		(COUNT(if(attstatus="P",1,NULL)) * 100) / COUNT(a.sub_id) AS percentge
	FROM attend a
	GROUP BY a.sub_id,a.stu_id
) as a
INNER JOIN subject s ON a.sub_id = s.sub_id
INNER JOIN student st ON st.stu_id = a.stu_id
WHERE s.sub_name="dbms" and 
A.percentge < 75
ORDER BY a.sub_id,a.stu_id;
-- 10
SELECT 
	s.sub_name,
	st.stu_name,
	a.percentge
FROM ( SELECT sub_id,a.stu_id,
		(COUNT(if(attstatus="P",1,NULL)) * 100) / COUNT(a.sub_id) AS percentge
	FROM attend a
	GROUP BY a.sub_id,a.stu_id
) as a
INNER JOIN subject s ON a.sub_id = s.sub_id
INNER JOIN student st ON st.stu_id = a.stu_id
WHERE A.percentge > 75
ORDER BY a.sub_id,a.stu_id;
-- 11

-- 12
select * from attend where sem_id = 3 and attdate = "2022-08-01" order by attdate;
-- 13
select * from attend where sem_id = 3 and attdate between "2022-08-01" and "2022-08-05" order by attdate;
-- 14
select * from attend where sub_id = 1 and attdate = "2022-08-01" order by attdate;
-- 15
select * from attend where sub_id = 1 and attdate between "2022-08-01" and "2022-08-05" order by attdate;

-- 4
insert into attend(fac_id, sem_id, stu_id, sub_id, attdate, attstatus) values(1,1,1,1,"2022-08-01","P");
insert into attend(fac_id, sem_id, stu_id, sub_id, attdate, attstatus) values(1,1,2,1,"2022-08-01","P");
insert into attend(fac_id, sem_id, stu_id, sub_id, attdate, attstatus) values(1,1,3,1,"2022-08-01","A");
insert into attend(fac_id, sem_id, stu_id, sub_id, attdate, attstatus) values(1,1,4,1,"2022-08-01","P");
insert into attend(fac_id, sem_id, stu_id, sub_id, attdate, attstatus) values(1,1,5,1,"2022-08-01","P");
insert into attend(fac_id, sem_id, stu_id, sub_id, attdate, attstatus) values(2,1,1,2,"2022-08-01","A");
insert into attend(fac_id, sem_id, stu_id, sub_id, attdate, attstatus) values(2,1,2,2,"2022-08-01","A");
insert into attend(fac_id, sem_id, stu_id, sub_id, attdate, attstatus) values(2,1,3,2,"2022-08-01","P");
insert into attend(fac_id, sem_id, stu_id, sub_id, attdate, attstatus) values(2,1,4,2,"2022-08-01","P");
insert into attend(fac_id, sem_id, stu_id, sub_id, attdate, attstatus) values(2,1,5,2,"2022-08-01","A");
insert into attend(fac_id, sem_id, stu_id, sub_id, attdate, attstatus) values(3,1,1,3,"2022-08-01","A");
insert into attend(fac_id, sem_id, stu_id, sub_id, attdate, attstatus) values(3,1,2,3,"2022-08-01","P");
insert into attend(fac_id, sem_id, stu_id, sub_id, attdate, attstatus) values(3,1,3,3,"2022-08-01","P");
insert into attend(fac_id, sem_id, stu_id, sub_id, attdate, attstatus) values(3,1,4,3,"2022-08-01","A");
insert into attend(fac_id, sem_id, stu_id, sub_id, attdate, attstatus) values(3,1,5,3,"2022-08-01","P");
insert into attend(fac_id, sem_id, stu_id, sub_id, attdate, attstatus) values(4,1,1,1,"2022-08-02","A");
insert into attend(fac_id, sem_id, stu_id, sub_id, attdate, attstatus) values(4,1,2,1,"2022-08-02","A");
insert into attend(fac_id, sem_id, stu_id, sub_id, attdate, attstatus) values(4,1,3,1,"2022-08-02","A");
insert into attend(fac_id, sem_id, stu_id, sub_id, attdate, attstatus) values(4,1,4,1,"2022-08-02","P");
insert into attend(fac_id, sem_id, stu_id, sub_id, attdate, attstatus) values(4,1,5,1,"2022-08-02","A");
insert into attend(fac_id, sem_id, stu_id, sub_id, attdate, attstatus) values(5,1,1,2,"2022-08-02","P");
insert into attend(fac_id, sem_id, stu_id, sub_id, attdate, attstatus) values(5,1,2,2,"2022-08-02","A");
insert into attend(fac_id, sem_id, stu_id, sub_id, attdate, attstatus) values(5,1,3,2,"2022-08-02","A");
insert into attend(fac_id, sem_id, stu_id, sub_id, attdate, attstatus) values(5,1,4,2,"2022-08-02","A");
insert into attend(fac_id, sem_id, stu_id, sub_id, attdate, attstatus) values(5,1,5,2,"2022-08-02","P");
insert into attend(fac_id, sem_id, stu_id, sub_id, attdate, attstatus) values(1,1,1,3,"2022-08-02","A");
insert into attend(fac_id, sem_id, stu_id, sub_id, attdate, attstatus) values(1,1,2,3,"2022-08-02","A");
insert into attend(fac_id, sem_id, stu_id, sub_id, attdate, attstatus) values(1,1,3,3,"2022-08-02","P");
insert into attend(fac_id, sem_id, stu_id, sub_id, attdate, attstatus) values(1,1,4,3,"2022-08-02","P");
insert into attend(fac_id, sem_id, stu_id, sub_id, attdate, attstatus) values(1,1,5,3,"2022-08-02","P");
insert into attend(fac_id, sem_id, stu_id, sub_id, attdate, attstatus) values(2,1,1,1,"2022-08-03","P");
insert into attend(fac_id, sem_id, stu_id, sub_id, attdate, attstatus) values(2,1,2,1,"2022-08-03","A");
insert into attend(fac_id, sem_id, stu_id, sub_id, attdate, attstatus) values(2,1,3,1,"2022-08-03","A");
insert into attend(fac_id, sem_id, stu_id, sub_id, attdate, attstatus) values(2,1,4,1,"2022-08-03","P");
insert into attend(fac_id, sem_id, stu_id, sub_id, attdate, attstatus) values(2,1,5,1,"2022-08-03","P");
insert into attend(fac_id, sem_id, stu_id, sub_id, attdate, attstatus) values(3,1,1,2,"2022-08-03","P");
insert into attend(fac_id, sem_id, stu_id, sub_id, attdate, attstatus) values(3,1,2,2,"2022-08-03","A");
insert into attend(fac_id, sem_id, stu_id, sub_id, attdate, attstatus) values(3,1,3,2,"2022-08-03","A");
insert into attend(fac_id, sem_id, stu_id, sub_id, attdate, attstatus) values(3,1,4,2,"2022-08-03","A");
insert into attend(fac_id, sem_id, stu_id, sub_id, attdate, attstatus) values(3,1,5,2,"2022-08-03","P");
insert into attend(fac_id, sem_id, stu_id, sub_id, attdate, attstatus) values(4,1,1,3,"2022-08-03","A");
insert into attend(fac_id, sem_id, stu_id, sub_id, attdate, attstatus) values(4,1,2,3,"2022-08-03","A");
insert into attend(fac_id, sem_id, stu_id, sub_id, attdate, attstatus) values(4,1,3,3,"2022-08-03","P");
insert into attend(fac_id, sem_id, stu_id, sub_id, attdate, attstatus) values(4,1,4,3,"2022-08-03","A");
insert into attend(fac_id, sem_id, stu_id, sub_id, attdate, attstatus) values(4,1,5,3,"2022-08-03","A");
insert into attend(fac_id, sem_id, stu_id, sub_id, attdate, attstatus) values(5,1,1,1,"2022-08-04","A");
insert into attend(fac_id, sem_id, stu_id, sub_id, attdate, attstatus) values(5,1,2,1,"2022-08-04","P");
insert into attend(fac_id, sem_id, stu_id, sub_id, attdate, attstatus) values(5,1,3,1,"2022-08-04","P");
insert into attend(fac_id, sem_id, stu_id, sub_id, attdate, attstatus) values(5,1,4,1,"2022-08-04","P");
insert into attend(fac_id, sem_id, stu_id, sub_id, attdate, attstatus) values(5,1,5,1,"2022-08-04","A");
insert into attend(fac_id, sem_id, stu_id, sub_id, attdate, attstatus) values(1,1,1,2,"2022-08-04","P");
insert into attend(fac_id, sem_id, stu_id, sub_id, attdate, attstatus) values(1,1,2,2,"2022-08-04","A");
insert into attend(fac_id, sem_id, stu_id, sub_id, attdate, attstatus) values(1,1,3,2,"2022-08-04","A");
insert into attend(fac_id, sem_id, stu_id, sub_id, attdate, attstatus) values(1,1,4,2,"2022-08-04","P");
insert into attend(fac_id, sem_id, stu_id, sub_id, attdate, attstatus) values(1,1,5,2,"2022-08-04","P");
insert into attend(fac_id, sem_id, stu_id, sub_id, attdate, attstatus) values(2,1,1,3,"2022-08-04","A");
insert into attend(fac_id, sem_id, stu_id, sub_id, attdate, attstatus) values(2,1,2,3,"2022-08-04","P");
insert into attend(fac_id, sem_id, stu_id, sub_id, attdate, attstatus) values(2,1,3,3,"2022-08-04","P");
insert into attend(fac_id, sem_id, stu_id, sub_id, attdate, attstatus) values(2,1,4,3,"2022-08-04","A");
insert into attend(fac_id, sem_id, stu_id, sub_id, attdate, attstatus) values(2,1,5,3,"2022-08-04","A");
insert into attend(fac_id, sem_id, stu_id, sub_id, attdate, attstatus) values(1,1,1,1,"2022-08-05","A");
insert into attend(fac_id, sem_id, stu_id, sub_id, attdate, attstatus) values(1,1,2,1,"2022-08-05","P");
insert into attend(fac_id, sem_id, stu_id, sub_id, attdate, attstatus) values(1,1,3,1,"2022-08-05","A");
insert into attend(fac_id, sem_id, stu_id, sub_id, attdate, attstatus) values(1,1,4,1,"2022-08-05","A");
insert into attend(fac_id, sem_id, stu_id, sub_id, attdate, attstatus) values(1,1,5,1,"2022-08-05","A");
insert into attend(fac_id, sem_id, stu_id, sub_id, attdate, attstatus) values(2,1,1,2,"2022-08-05","P");
insert into attend(fac_id, sem_id, stu_id, sub_id, attdate, attstatus) values(2,1,2,2,"2022-08-05","P");
insert into attend(fac_id, sem_id, stu_id, sub_id, attdate, attstatus) values(2,1,3,2,"2022-08-05","A");
insert into attend(fac_id, sem_id, stu_id, sub_id, attdate, attstatus) values(2,1,4,2,"2022-08-05","A");
insert into attend(fac_id, sem_id, stu_id, sub_id, attdate, attstatus) values(2,1,5,2,"2022-08-05","P");
insert into attend(fac_id, sem_id, stu_id, sub_id, attdate, attstatus) values(3,1,1,3,"2022-08-05","A");
insert into attend(fac_id, sem_id, stu_id, sub_id, attdate, attstatus) values(3,1,2,3,"2022-08-05","A");
insert into attend(fac_id, sem_id, stu_id, sub_id, attdate, attstatus) values(3,1,3,3,"2022-08-05","A");
insert into attend(fac_id, sem_id, stu_id, sub_id, attdate, attstatus) values(3,1,4,3,"2022-08-05","P");
insert into attend(fac_id, sem_id, stu_id, sub_id, attdate, attstatus) values(3,1,5,3,"2022-08-05","A");
insert into attend(fac_id, sem_id, stu_id, sub_id, attdate, attstatus) values(4,3,6,4,"2022-08-01","A");
insert into attend(fac_id, sem_id, stu_id, sub_id, attdate, attstatus) values(4,3,7,4,"2022-08-01","A");
insert into attend(fac_id, sem_id, stu_id, sub_id, attdate, attstatus) values(4,3,8,4,"2022-08-01","P");
insert into attend(fac_id, sem_id, stu_id, sub_id, attdate, attstatus) values(4,3,9,4,"2022-08-01","A");
insert into attend(fac_id, sem_id, stu_id, sub_id, attdate, attstatus) values(4,3,10,4,"2022-08-01","A");
insert into attend(fac_id, sem_id, stu_id, sub_id, attdate, attstatus) values(5,3,6,5,"2022-08-01","A");
insert into attend(fac_id, sem_id, stu_id, sub_id, attdate, attstatus) values(5,3,7,5,"2022-08-01","A");
insert into attend(fac_id, sem_id, stu_id, sub_id, attdate, attstatus) values(5,3,8,5,"2022-08-01","P");
insert into attend(fac_id, sem_id, stu_id, sub_id, attdate, attstatus) values(5,3,9,5,"2022-08-01","P");
insert into attend(fac_id, sem_id, stu_id, sub_id, attdate, attstatus) values(5,3,10,5,"2022-08-01","P");
insert into attend(fac_id, sem_id, stu_id, sub_id, attdate, attstatus) values(1,3,6,6,"2022-08-01","A");
insert into attend(fac_id, sem_id, stu_id, sub_id, attdate, attstatus) values(1,3,7,6,"2022-08-01","P");
insert into attend(fac_id, sem_id, stu_id, sub_id, attdate, attstatus) values(1,3,8,6,"2022-08-01","A");
insert into attend(fac_id, sem_id, stu_id, sub_id, attdate, attstatus) values(1,3,9,6,"2022-08-01","P");
insert into attend(fac_id, sem_id, stu_id, sub_id, attdate, attstatus) values(1,3,10,6,"2022-08-01","P");
insert into attend(fac_id, sem_id, stu_id, sub_id, attdate, attstatus) values(2,3,6,4,"2022-08-02","P");
insert into attend(fac_id, sem_id, stu_id, sub_id, attdate, attstatus) values(2,3,7,4,"2022-08-02","A");
insert into attend(fac_id, sem_id, stu_id, sub_id, attdate, attstatus) values(2,3,8,4,"2022-08-02","P");
insert into attend(fac_id, sem_id, stu_id, sub_id, attdate, attstatus) values(2,3,9,4,"2022-08-02","P");
insert into attend(fac_id, sem_id, stu_id, sub_id, attdate, attstatus) values(2,3,10,4,"2022-08-02","P");
insert into attend(fac_id, sem_id, stu_id, sub_id, attdate, attstatus) values(3,3,6,5,"2022-08-02","P");
insert into attend(fac_id, sem_id, stu_id, sub_id, attdate, attstatus) values(3,3,7,5,"2022-08-02","P");
insert into attend(fac_id, sem_id, stu_id, sub_id, attdate, attstatus) values(3,3,8,5,"2022-08-02","P");
insert into attend(fac_id, sem_id, stu_id, sub_id, attdate, attstatus) values(3,3,9,5,"2022-08-02","A");
insert into attend(fac_id, sem_id, stu_id, sub_id, attdate, attstatus) values(3,3,10,5,"2022-08-02","A");
insert into attend(fac_id, sem_id, stu_id, sub_id, attdate, attstatus) values(4,3,6,6,"2022-08-02","A");
insert into attend(fac_id, sem_id, stu_id, sub_id, attdate, attstatus) values(4,3,7,6,"2022-08-02","P");
insert into attend(fac_id, sem_id, stu_id, sub_id, attdate, attstatus) values(4,3,8,6,"2022-08-02","P");
insert into attend(fac_id, sem_id, stu_id, sub_id, attdate, attstatus) values(4,3,9,6,"2022-08-02","P");
insert into attend(fac_id, sem_id, stu_id, sub_id, attdate, attstatus) values(4,3,10,6,"2022-08-02","A");
insert into attend(fac_id, sem_id, stu_id, sub_id, attdate, attstatus) values(5,3,6,4,"2022-08-03","P");
insert into attend(fac_id, sem_id, stu_id, sub_id, attdate, attstatus) values(5,3,7,4,"2022-08-03","A");
insert into attend(fac_id, sem_id, stu_id, sub_id, attdate, attstatus) values(5,3,8,4,"2022-08-03","P");
insert into attend(fac_id, sem_id, stu_id, sub_id, attdate, attstatus) values(5,3,9,4,"2022-08-03","P");
insert into attend(fac_id, sem_id, stu_id, sub_id, attdate, attstatus) values(5,3,10,4,"2022-08-03","A");
insert into attend(fac_id, sem_id, stu_id, sub_id, attdate, attstatus) values(1,3,6,5,"2022-08-03","P");
insert into attend(fac_id, sem_id, stu_id, sub_id, attdate, attstatus) values(1,3,7,5,"2022-08-03","P");
insert into attend(fac_id, sem_id, stu_id, sub_id, attdate, attstatus) values(1,3,8,5,"2022-08-03","A");
insert into attend(fac_id, sem_id, stu_id, sub_id, attdate, attstatus) values(1,3,9,5,"2022-08-03","P");
insert into attend(fac_id, sem_id, stu_id, sub_id, attdate, attstatus) values(1,3,10,5,"2022-08-03","P");
insert into attend(fac_id, sem_id, stu_id, sub_id, attdate, attstatus) values(2,3,6,6,"2022-08-03","A");
insert into attend(fac_id, sem_id, stu_id, sub_id, attdate, attstatus) values(2,3,7,6,"2022-08-03","A");
insert into attend(fac_id, sem_id, stu_id, sub_id, attdate, attstatus) values(2,3,8,6,"2022-08-03","P");
insert into attend(fac_id, sem_id, stu_id, sub_id, attdate, attstatus) values(2,3,9,6,"2022-08-03","A");
insert into attend(fac_id, sem_id, stu_id, sub_id, attdate, attstatus) values(2,3,10,6,"2022-08-03","P");
insert into attend(fac_id, sem_id, stu_id, sub_id, attdate, attstatus) values(3,3,6,4,"2022-08-04","A");
insert into attend(fac_id, sem_id, stu_id, sub_id, attdate, attstatus) values(3,3,7,4,"2022-08-04","P");
insert into attend(fac_id, sem_id, stu_id, sub_id, attdate, attstatus) values(3,3,8,4,"2022-08-04","P");
insert into attend(fac_id, sem_id, stu_id, sub_id, attdate, attstatus) values(3,3,9,4,"2022-08-04","P");
insert into attend(fac_id, sem_id, stu_id, sub_id, attdate, attstatus) values(3,3,10,4,"2022-08-04","A");
insert into attend(fac_id, sem_id, stu_id, sub_id, attdate, attstatus) values(4,3,6,5,"2022-08-04","A");
insert into attend(fac_id, sem_id, stu_id, sub_id, attdate, attstatus) values(4,3,7,5,"2022-08-04","A");
insert into attend(fac_id, sem_id, stu_id, sub_id, attdate, attstatus) values(4,3,8,5,"2022-08-04","P");
insert into attend(fac_id, sem_id, stu_id, sub_id, attdate, attstatus) values(4,3,9,5,"2022-08-04","A");
insert into attend(fac_id, sem_id, stu_id, sub_id, attdate, attstatus) values(4,3,10,5,"2022-08-04","A");
insert into attend(fac_id, sem_id, stu_id, sub_id, attdate, attstatus) values(5,3,6,6,"2022-08-04","P");
insert into attend(fac_id, sem_id, stu_id, sub_id, attdate, attstatus) values(5,3,7,6,"2022-08-04","A");
insert into attend(fac_id, sem_id, stu_id, sub_id, attdate, attstatus) values(5,3,8,6,"2022-08-04","A");
insert into attend(fac_id, sem_id, stu_id, sub_id, attdate, attstatus) values(5,3,9,6,"2022-08-04","P");
insert into attend(fac_id, sem_id, stu_id, sub_id, attdate, attstatus) values(5,3,10,6,"2022-08-04","A");
insert into attend(fac_id, sem_id, stu_id, sub_id, attdate, attstatus) values(1,3,6,4,"2022-08-05","A");
insert into attend(fac_id, sem_id, stu_id, sub_id, attdate, attstatus) values(1,3,7,4,"2022-08-05","A");
insert into attend(fac_id, sem_id, stu_id, sub_id, attdate, attstatus) values(1,3,8,4,"2022-08-05","A");
insert into attend(fac_id, sem_id, stu_id, sub_id, attdate, attstatus) values(1,3,9,4,"2022-08-05","A");
insert into attend(fac_id, sem_id, stu_id, sub_id, attdate, attstatus) values(1,3,10,4,"2022-08-05","A");
insert into attend(fac_id, sem_id, stu_id, sub_id, attdate, attstatus) values(2,3,6,5,"2022-08-05","A");
insert into attend(fac_id, sem_id, stu_id, sub_id, attdate, attstatus) values(2,3,7,5,"2022-08-05","A");
insert into attend(fac_id, sem_id, stu_id, sub_id, attdate, attstatus) values(2,3,8,5,"2022-08-05","P");
insert into attend(fac_id, sem_id, stu_id, sub_id, attdate, attstatus) values(2,3,9,5,"2022-08-05","P");
insert into attend(fac_id, sem_id, stu_id, sub_id, attdate, attstatus) values(2,3,10,5,"2022-08-05","P");
insert into attend(fac_id, sem_id, stu_id, sub_id, attdate, attstatus) values(3,3,6,6,"2022-08-05","P");
insert into attend(fac_id, sem_id, stu_id, sub_id, attdate, attstatus) values(3,3,7,6,"2022-08-05","A");
insert into attend(fac_id, sem_id, stu_id, sub_id, attdate, attstatus) values(3,3,8,6,"2022-08-05","A");
insert into attend(fac_id, sem_id, stu_id, sub_id, attdate, attstatus) values(3,3,9,6,"2022-08-05","A");
insert into attend(fac_id, sem_id, stu_id, sub_id, attdate, attstatus) values(3,3,10,6,"2022-08-05","P");
insert into attend(fac_id, sem_id, stu_id, sub_id, attdate, attstatus) values(4,5,11,7,"2022-08-01","A");
insert into attend(fac_id, sem_id, stu_id, sub_id, attdate, attstatus) values(4,5,12,7,"2022-08-01","A");
insert into attend(fac_id, sem_id, stu_id, sub_id, attdate, attstatus) values(4,5,13,7,"2022-08-01","P");
insert into attend(fac_id, sem_id, stu_id, sub_id, attdate, attstatus) values(4,5,14,7,"2022-08-01","A");
insert into attend(fac_id, sem_id, stu_id, sub_id, attdate, attstatus) values(4,5,15,7,"2022-08-01","P");
insert into attend(fac_id, sem_id, stu_id, sub_id, attdate, attstatus) values(5,5,11,8,"2022-08-01","P");
insert into attend(fac_id, sem_id, stu_id, sub_id, attdate, attstatus) values(5,5,12,8,"2022-08-01","A");
insert into attend(fac_id, sem_id, stu_id, sub_id, attdate, attstatus) values(5,5,13,8,"2022-08-01","P");
insert into attend(fac_id, sem_id, stu_id, sub_id, attdate, attstatus) values(5,5,14,8,"2022-08-01","A");
insert into attend(fac_id, sem_id, stu_id, sub_id, attdate, attstatus) values(5,5,15,8,"2022-08-01","A");
insert into attend(fac_id, sem_id, stu_id, sub_id, attdate, attstatus) values(1,5,11,9,"2022-08-01","A");
insert into attend(fac_id, sem_id, stu_id, sub_id, attdate, attstatus) values(1,5,12,9,"2022-08-01","P");
insert into attend(fac_id, sem_id, stu_id, sub_id, attdate, attstatus) values(1,5,13,9,"2022-08-01","P");
insert into attend(fac_id, sem_id, stu_id, sub_id, attdate, attstatus) values(1,5,14,9,"2022-08-01","A");
insert into attend(fac_id, sem_id, stu_id, sub_id, attdate, attstatus) values(1,5,15,9,"2022-08-01","A");
insert into attend(fac_id, sem_id, stu_id, sub_id, attdate, attstatus) values(2,5,11,7,"2022-08-02","P");
insert into attend(fac_id, sem_id, stu_id, sub_id, attdate, attstatus) values(2,5,12,7,"2022-08-02","A");
insert into attend(fac_id, sem_id, stu_id, sub_id, attdate, attstatus) values(2,5,13,7,"2022-08-02","P");
insert into attend(fac_id, sem_id, stu_id, sub_id, attdate, attstatus) values(2,5,14,7,"2022-08-02","A");
insert into attend(fac_id, sem_id, stu_id, sub_id, attdate, attstatus) values(2,5,15,7,"2022-08-02","A");
insert into attend(fac_id, sem_id, stu_id, sub_id, attdate, attstatus) values(3,5,11,8,"2022-08-02","P");
insert into attend(fac_id, sem_id, stu_id, sub_id, attdate, attstatus) values(3,5,12,8,"2022-08-02","P");
insert into attend(fac_id, sem_id, stu_id, sub_id, attdate, attstatus) values(3,5,13,8,"2022-08-02","P");
insert into attend(fac_id, sem_id, stu_id, sub_id, attdate, attstatus) values(3,5,14,8,"2022-08-02","P");
insert into attend(fac_id, sem_id, stu_id, sub_id, attdate, attstatus) values(3,5,15,8,"2022-08-02","A");
insert into attend(fac_id, sem_id, stu_id, sub_id, attdate, attstatus) values(4,5,11,9,"2022-08-02","P");
insert into attend(fac_id, sem_id, stu_id, sub_id, attdate, attstatus) values(4,5,12,9,"2022-08-02","P");
insert into attend(fac_id, sem_id, stu_id, sub_id, attdate, attstatus) values(4,5,13,9,"2022-08-02","A");
insert into attend(fac_id, sem_id, stu_id, sub_id, attdate, attstatus) values(4,5,14,9,"2022-08-02","A");
insert into attend(fac_id, sem_id, stu_id, sub_id, attdate, attstatus) values(4,5,15,9,"2022-08-02","A");
insert into attend(fac_id, sem_id, stu_id, sub_id, attdate, attstatus) values(5,5,11,7,"2022-08-03","P");
insert into attend(fac_id, sem_id, stu_id, sub_id, attdate, attstatus) values(5,5,12,7,"2022-08-03","A");
insert into attend(fac_id, sem_id, stu_id, sub_id, attdate, attstatus) values(5,5,13,7,"2022-08-03","A");
insert into attend(fac_id, sem_id, stu_id, sub_id, attdate, attstatus) values(5,5,14,7,"2022-08-03","A");
insert into attend(fac_id, sem_id, stu_id, sub_id, attdate, attstatus) values(5,5,15,7,"2022-08-03","P");
insert into attend(fac_id, sem_id, stu_id, sub_id, attdate, attstatus) values(1,5,11,8,"2022-08-03","A");
insert into attend(fac_id, sem_id, stu_id, sub_id, attdate, attstatus) values(1,5,12,8,"2022-08-03","A");
insert into attend(fac_id, sem_id, stu_id, sub_id, attdate, attstatus) values(1,5,13,8,"2022-08-03","A");
insert into attend(fac_id, sem_id, stu_id, sub_id, attdate, attstatus) values(1,5,14,8,"2022-08-03","A");
insert into attend(fac_id, sem_id, stu_id, sub_id, attdate, attstatus) values(1,5,15,8,"2022-08-03","A");
insert into attend(fac_id, sem_id, stu_id, sub_id, attdate, attstatus) values(2,5,11,9,"2022-08-03","P");
insert into attend(fac_id, sem_id, stu_id, sub_id, attdate, attstatus) values(2,5,12,9,"2022-08-03","P");
insert into attend(fac_id, sem_id, stu_id, sub_id, attdate, attstatus) values(2,5,13,9,"2022-08-03","P");
insert into attend(fac_id, sem_id, stu_id, sub_id, attdate, attstatus) values(2,5,14,9,"2022-08-03","P");
insert into attend(fac_id, sem_id, stu_id, sub_id, attdate, attstatus) values(2,5,15,9,"2022-08-03","A");
insert into attend(fac_id, sem_id, stu_id, sub_id, attdate, attstatus) values(1,5,11,7,"2022-08-04","A");
insert into attend(fac_id, sem_id, stu_id, sub_id, attdate, attstatus) values(1,5,12,7,"2022-08-04","P");
insert into attend(fac_id, sem_id, stu_id, sub_id, attdate, attstatus) values(1,5,13,7,"2022-08-04","A");
insert into attend(fac_id, sem_id, stu_id, sub_id, attdate, attstatus) values(1,5,14,7,"2022-08-04","A");
insert into attend(fac_id, sem_id, stu_id, sub_id, attdate, attstatus) values(1,5,15,7,"2022-08-04","A");
insert into attend(fac_id, sem_id, stu_id, sub_id, attdate, attstatus) values(2,5,11,8,"2022-08-04","A");
insert into attend(fac_id, sem_id, stu_id, sub_id, attdate, attstatus) values(2,5,12,8,"2022-08-04","P");
insert into attend(fac_id, sem_id, stu_id, sub_id, attdate, attstatus) values(2,5,13,8,"2022-08-04","A");
insert into attend(fac_id, sem_id, stu_id, sub_id, attdate, attstatus) values(2,5,14,8,"2022-08-04","A");
insert into attend(fac_id, sem_id, stu_id, sub_id, attdate, attstatus) values(2,5,15,8,"2022-08-04","A");
insert into attend(fac_id, sem_id, stu_id, sub_id, attdate, attstatus) values(3,5,11,9,"2022-08-04","P");
insert into attend(fac_id, sem_id, stu_id, sub_id, attdate, attstatus) values(3,5,12,9,"2022-08-04","A");
insert into attend(fac_id, sem_id, stu_id, sub_id, attdate, attstatus) values(3,5,13,9,"2022-08-04","A");
insert into attend(fac_id, sem_id, stu_id, sub_id, attdate, attstatus) values(3,5,14,9,"2022-08-04","P");
insert into attend(fac_id, sem_id, stu_id, sub_id, attdate, attstatus) values(3,5,15,9,"2022-08-04","P");
insert into attend(fac_id, sem_id, stu_id, sub_id, attdate, attstatus) values(4,5,11,7,"2022-08-05","A");
insert into attend(fac_id, sem_id, stu_id, sub_id, attdate, attstatus) values(4,5,12,7,"2022-08-05","A");
insert into attend(fac_id, sem_id, stu_id, sub_id, attdate, attstatus) values(4,5,13,7,"2022-08-05","A");
insert into attend(fac_id, sem_id, stu_id, sub_id, attdate, attstatus) values(4,5,14,7,"2022-08-05","P");
insert into attend(fac_id, sem_id, stu_id, sub_id, attdate, attstatus) values(4,5,15,7,"2022-08-05","A");
insert into attend(fac_id, sem_id, stu_id, sub_id, attdate, attstatus) values(5,5,11,8,"2022-08-05","P");
insert into attend(fac_id, sem_id, stu_id, sub_id, attdate, attstatus) values(5,5,12,8,"2022-08-05","P");
insert into attend(fac_id, sem_id, stu_id, sub_id, attdate, attstatus) values(5,5,13,8,"2022-08-05","A");
insert into attend(fac_id, sem_id, stu_id, sub_id, attdate, attstatus) values(5,5,14,8,"2022-08-05","A");
insert into attend(fac_id, sem_id, stu_id, sub_id, attdate, attstatus) values(5,5,15,8,"2022-08-05","P");
insert into attend(fac_id, sem_id, stu_id, sub_id, attdate, attstatus) values(1,5,11,9,"2022-08-05","A");
insert into attend(fac_id, sem_id, stu_id, sub_id, attdate, attstatus) values(1,5,12,9,"2022-08-05","A");
insert into attend(fac_id, sem_id, stu_id, sub_id, attdate, attstatus) values(1,5,13,9,"2022-08-05","P");
insert into attend(fac_id, sem_id, stu_id, sub_id, attdate, attstatus) values(1,5,14,9,"2022-08-05","P");
insert into attend(fac_id, sem_id, stu_id, sub_id, attdate, attstatus) values(1,5,15,9,"2022-08-05","P");
insert into attend(fac_id, sem_id, stu_id, sub_id, attdate, attstatus) values(2,7,16,10,"2022-08-01","A");
insert into attend(fac_id, sem_id, stu_id, sub_id, attdate, attstatus) values(2,7,17,10,"2022-08-01","P");
insert into attend(fac_id, sem_id, stu_id, sub_id, attdate, attstatus) values(2,7,18,10,"2022-08-01","P");
insert into attend(fac_id, sem_id, stu_id, sub_id, attdate, attstatus) values(2,7,19,10,"2022-08-01","P");
insert into attend(fac_id, sem_id, stu_id, sub_id, attdate, attstatus) values(2,7,20,10,"2022-08-01","P");
insert into attend(fac_id, sem_id, stu_id, sub_id, attdate, attstatus) values(3,7,16,11,"2022-08-01","A");
insert into attend(fac_id, sem_id, stu_id, sub_id, attdate, attstatus) values(3,7,17,11,"2022-08-01","A");
insert into attend(fac_id, sem_id, stu_id, sub_id, attdate, attstatus) values(3,7,18,11,"2022-08-01","P");
insert into attend(fac_id, sem_id, stu_id, sub_id, attdate, attstatus) values(3,7,19,11,"2022-08-01","P");
insert into attend(fac_id, sem_id, stu_id, sub_id, attdate, attstatus) values(3,7,20,11,"2022-08-01","A");
insert into attend(fac_id, sem_id, stu_id, sub_id, attdate, attstatus) values(4,7,16,12,"2022-08-01","A");
insert into attend(fac_id, sem_id, stu_id, sub_id, attdate, attstatus) values(4,7,17,12,"2022-08-01","A");
insert into attend(fac_id, sem_id, stu_id, sub_id, attdate, attstatus) values(4,7,18,12,"2022-08-01","A");
insert into attend(fac_id, sem_id, stu_id, sub_id, attdate, attstatus) values(4,7,19,12,"2022-08-01","A");
insert into attend(fac_id, sem_id, stu_id, sub_id, attdate, attstatus) values(4,7,20,12,"2022-08-01","A");
insert into attend(fac_id, sem_id, stu_id, sub_id, attdate, attstatus) values(5,7,16,10,"2022-08-02","A");
insert into attend(fac_id, sem_id, stu_id, sub_id, attdate, attstatus) values(5,7,17,10,"2022-08-02","P");
insert into attend(fac_id, sem_id, stu_id, sub_id, attdate, attstatus) values(5,7,18,10,"2022-08-02","A");
insert into attend(fac_id, sem_id, stu_id, sub_id, attdate, attstatus) values(5,7,19,10,"2022-08-02","A");
insert into attend(fac_id, sem_id, stu_id, sub_id, attdate, attstatus) values(5,7,20,10,"2022-08-02","P");
insert into attend(fac_id, sem_id, stu_id, sub_id, attdate, attstatus) values(1,7,16,11,"2022-08-02","P");
insert into attend(fac_id, sem_id, stu_id, sub_id, attdate, attstatus) values(1,7,17,11,"2022-08-02","A");
insert into attend(fac_id, sem_id, stu_id, sub_id, attdate, attstatus) values(1,7,18,11,"2022-08-02","P");
insert into attend(fac_id, sem_id, stu_id, sub_id, attdate, attstatus) values(1,7,19,11,"2022-08-02","A");
insert into attend(fac_id, sem_id, stu_id, sub_id, attdate, attstatus) values(1,7,20,11,"2022-08-02","A");
insert into attend(fac_id, sem_id, stu_id, sub_id, attdate, attstatus) values(2,7,16,12,"2022-08-02","P");
insert into attend(fac_id, sem_id, stu_id, sub_id, attdate, attstatus) values(2,7,17,12,"2022-08-02","A");
insert into attend(fac_id, sem_id, stu_id, sub_id, attdate, attstatus) values(2,7,18,12,"2022-08-02","P");
insert into attend(fac_id, sem_id, stu_id, sub_id, attdate, attstatus) values(2,7,19,12,"2022-08-02","A");
insert into attend(fac_id, sem_id, stu_id, sub_id, attdate, attstatus) values(2,7,20,12,"2022-08-02","P");
insert into attend(fac_id, sem_id, stu_id, sub_id, attdate, attstatus) values(3,7,16,10,"2022-08-03","P");
insert into attend(fac_id, sem_id, stu_id, sub_id, attdate, attstatus) values(3,7,17,10,"2022-08-03","A");
insert into attend(fac_id, sem_id, stu_id, sub_id, attdate, attstatus) values(3,7,18,10,"2022-08-03","A");
insert into attend(fac_id, sem_id, stu_id, sub_id, attdate, attstatus) values(3,7,19,10,"2022-08-03","A");
insert into attend(fac_id, sem_id, stu_id, sub_id, attdate, attstatus) values(3,7,20,10,"2022-08-03","P");
insert into attend(fac_id, sem_id, stu_id, sub_id, attdate, attstatus) values(4,7,16,11,"2022-08-03","P");
insert into attend(fac_id, sem_id, stu_id, sub_id, attdate, attstatus) values(4,7,17,11,"2022-08-03","A");
insert into attend(fac_id, sem_id, stu_id, sub_id, attdate, attstatus) values(4,7,18,11,"2022-08-03","A");
insert into attend(fac_id, sem_id, stu_id, sub_id, attdate, attstatus) values(4,7,19,11,"2022-08-03","P");
insert into attend(fac_id, sem_id, stu_id, sub_id, attdate, attstatus) values(4,7,20,11,"2022-08-03","P");
insert into attend(fac_id, sem_id, stu_id, sub_id, attdate, attstatus) values(5,7,16,12,"2022-08-03","P");
insert into attend(fac_id, sem_id, stu_id, sub_id, attdate, attstatus) values(5,7,17,12,"2022-08-03","P");
insert into attend(fac_id, sem_id, stu_id, sub_id, attdate, attstatus) values(5,7,18,12,"2022-08-03","P");
insert into attend(fac_id, sem_id, stu_id, sub_id, attdate, attstatus) values(5,7,19,12,"2022-08-03","A");
insert into attend(fac_id, sem_id, stu_id, sub_id, attdate, attstatus) values(5,7,20,12,"2022-08-03","A");
insert into attend(fac_id, sem_id, stu_id, sub_id, attdate, attstatus) values(1,7,16,10,"2022-08-04","A");
insert into attend(fac_id, sem_id, stu_id, sub_id, attdate, attstatus) values(1,7,17,10,"2022-08-04","A");
insert into attend(fac_id, sem_id, stu_id, sub_id, attdate, attstatus) values(1,7,18,10,"2022-08-04","A");
insert into attend(fac_id, sem_id, stu_id, sub_id, attdate, attstatus) values(1,7,19,10,"2022-08-04","A");
insert into attend(fac_id, sem_id, stu_id, sub_id, attdate, attstatus) values(1,7,20,10,"2022-08-04","A");
insert into attend(fac_id, sem_id, stu_id, sub_id, attdate, attstatus) values(2,7,16,11,"2022-08-04","A");
insert into attend(fac_id, sem_id, stu_id, sub_id, attdate, attstatus) values(2,7,17,11,"2022-08-04","A");
insert into attend(fac_id, sem_id, stu_id, sub_id, attdate, attstatus) values(2,7,18,11,"2022-08-04","A");
insert into attend(fac_id, sem_id, stu_id, sub_id, attdate, attstatus) values(2,7,19,11,"2022-08-04","A");
insert into attend(fac_id, sem_id, stu_id, sub_id, attdate, attstatus) values(2,7,20,11,"2022-08-04","P");
insert into attend(fac_id, sem_id, stu_id, sub_id, attdate, attstatus) values(3,7,16,12,"2022-08-04","A");
insert into attend(fac_id, sem_id, stu_id, sub_id, attdate, attstatus) values(3,7,17,12,"2022-08-04","A");
insert into attend(fac_id, sem_id, stu_id, sub_id, attdate, attstatus) values(3,7,18,12,"2022-08-04","A");
insert into attend(fac_id, sem_id, stu_id, sub_id, attdate, attstatus) values(3,7,19,12,"2022-08-04","P");
insert into attend(fac_id, sem_id, stu_id, sub_id, attdate, attstatus) values(3,7,20,12,"2022-08-04","P");
insert into attend(fac_id, sem_id, stu_id, sub_id, attdate, attstatus) values(4,7,16,10,"2022-08-05","P");
insert into attend(fac_id, sem_id, stu_id, sub_id, attdate, attstatus) values(4,7,17,10,"2022-08-05","P");
insert into attend(fac_id, sem_id, stu_id, sub_id, attdate, attstatus) values(4,7,18,10,"2022-08-05","A");
insert into attend(fac_id, sem_id, stu_id, sub_id, attdate, attstatus) values(4,7,19,10,"2022-08-05","A");
insert into attend(fac_id, sem_id, stu_id, sub_id, attdate, attstatus) values(4,7,20,10,"2022-08-05","P");
insert into attend(fac_id, sem_id, stu_id, sub_id, attdate, attstatus) values(5,7,16,11,"2022-08-05","P");
insert into attend(fac_id, sem_id, stu_id, sub_id, attdate, attstatus) values(5,7,17,11,"2022-08-05","A");
insert into attend(fac_id, sem_id, stu_id, sub_id, attdate, attstatus) values(5,7,18,11,"2022-08-05","P");
insert into attend(fac_id, sem_id, stu_id, sub_id, attdate, attstatus) values(5,7,19,11,"2022-08-05","A");
insert into attend(fac_id, sem_id, stu_id, sub_id, attdate, attstatus) values(5,7,20,11,"2022-08-05","A");
insert into attend(fac_id, sem_id, stu_id, sub_id, attdate, attstatus) values(1,7,16,12,"2022-08-05","A");
insert into attend(fac_id, sem_id, stu_id, sub_id, attdate, attstatus) values(1,7,17,12,"2022-08-05","P");
insert into attend(fac_id, sem_id, stu_id, sub_id, attdate, attstatus) values(1,7,18,12,"2022-08-05","A");
insert into attend(fac_id, sem_id, stu_id, sub_id, attdate, attstatus) values(1,7,19,12,"2022-08-05","P");
insert into attend(fac_id, sem_id, stu_id, sub_id, attdate, attstatus) values(1,7,20,12,"2022-08-05","A");
insert into attend(fac_id, sem_id, stu_id, sub_id, attdate, attstatus) values(1,1,1,1,"2022-08-08","A");
insert into attend(fac_id, sem_id, stu_id, sub_id, attdate, attstatus) values(1,1,2,1,"2022-08-08","A");
insert into attend(fac_id, sem_id, stu_id, sub_id, attdate, attstatus) values(1,1,3,1,"2022-08-08","P");
insert into attend(fac_id, sem_id, stu_id, sub_id, attdate, attstatus) values(1,1,4,1,"2022-08-08","A");
insert into attend(fac_id, sem_id, stu_id, sub_id, attdate, attstatus) values(1,1,5,1,"2022-08-08","P");
insert into attend(fac_id, sem_id, stu_id, sub_id, attdate, attstatus) values(2,1,1,2,"2022-08-08","P");
insert into attend(fac_id, sem_id, stu_id, sub_id, attdate, attstatus) values(2,1,2,2,"2022-08-08","P");
insert into attend(fac_id, sem_id, stu_id, sub_id, attdate, attstatus) values(2,1,3,2,"2022-08-08","A");
insert into attend(fac_id, sem_id, stu_id, sub_id, attdate, attstatus) values(2,1,4,2,"2022-08-08","A");
insert into attend(fac_id, sem_id, stu_id, sub_id, attdate, attstatus) values(2,1,5,2,"2022-08-08","A");
insert into attend(fac_id, sem_id, stu_id, sub_id, attdate, attstatus) values(3,1,1,3,"2022-08-08","P");
insert into attend(fac_id, sem_id, stu_id, sub_id, attdate, attstatus) values(3,1,2,3,"2022-08-08","P");
insert into attend(fac_id, sem_id, stu_id, sub_id, attdate, attstatus) values(3,1,3,3,"2022-08-08","A");
insert into attend(fac_id, sem_id, stu_id, sub_id, attdate, attstatus) values(3,1,4,3,"2022-08-08","P");
insert into attend(fac_id, sem_id, stu_id, sub_id, attdate, attstatus) values(3,1,5,3,"2022-08-08","A");
insert into attend(fac_id, sem_id, stu_id, sub_id, attdate, attstatus) values(4,1,1,1,"2022-08-09","A");
insert into attend(fac_id, sem_id, stu_id, sub_id, attdate, attstatus) values(4,1,2,1,"2022-08-09","P");
insert into attend(fac_id, sem_id, stu_id, sub_id, attdate, attstatus) values(4,1,3,1,"2022-08-09","P");
insert into attend(fac_id, sem_id, stu_id, sub_id, attdate, attstatus) values(4,1,4,1,"2022-08-09","P");
insert into attend(fac_id, sem_id, stu_id, sub_id, attdate, attstatus) values(4,1,5,1,"2022-08-09","P");
insert into attend(fac_id, sem_id, stu_id, sub_id, attdate, attstatus) values(5,1,1,2,"2022-08-09","A");
insert into attend(fac_id, sem_id, stu_id, sub_id, attdate, attstatus) values(5,1,2,2,"2022-08-09","P");
insert into attend(fac_id, sem_id, stu_id, sub_id, attdate, attstatus) values(5,1,3,2,"2022-08-09","A");
insert into attend(fac_id, sem_id, stu_id, sub_id, attdate, attstatus) values(5,1,4,2,"2022-08-09","P");
insert into attend(fac_id, sem_id, stu_id, sub_id, attdate, attstatus) values(5,1,5,2,"2022-08-09","A");
insert into attend(fac_id, sem_id, stu_id, sub_id, attdate, attstatus) values(1,1,1,3,"2022-08-09","P");
insert into attend(fac_id, sem_id, stu_id, sub_id, attdate, attstatus) values(1,1,2,3,"2022-08-09","A");
insert into attend(fac_id, sem_id, stu_id, sub_id, attdate, attstatus) values(1,1,3,3,"2022-08-09","A");
insert into attend(fac_id, sem_id, stu_id, sub_id, attdate, attstatus) values(1,1,4,3,"2022-08-09","A");
insert into attend(fac_id, sem_id, stu_id, sub_id, attdate, attstatus) values(1,1,5,3,"2022-08-09","P");
insert into attend(fac_id, sem_id, stu_id, sub_id, attdate, attstatus) values(2,1,1,1,"2022-08-10","A");
insert into attend(fac_id, sem_id, stu_id, sub_id, attdate, attstatus) values(2,1,2,1,"2022-08-10","A");
insert into attend(fac_id, sem_id, stu_id, sub_id, attdate, attstatus) values(2,1,3,1,"2022-08-10","A");
insert into attend(fac_id, sem_id, stu_id, sub_id, attdate, attstatus) values(2,1,4,1,"2022-08-10","A");
insert into attend(fac_id, sem_id, stu_id, sub_id, attdate, attstatus) values(2,1,5,1,"2022-08-10","A");
insert into attend(fac_id, sem_id, stu_id, sub_id, attdate, attstatus) values(3,1,1,2,"2022-08-10","P");
insert into attend(fac_id, sem_id, stu_id, sub_id, attdate, attstatus) values(3,1,2,2,"2022-08-10","P");
insert into attend(fac_id, sem_id, stu_id, sub_id, attdate, attstatus) values(3,1,3,2,"2022-08-10","P");
insert into attend(fac_id, sem_id, stu_id, sub_id, attdate, attstatus) values(3,1,4,2,"2022-08-10","P");
insert into attend(fac_id, sem_id, stu_id, sub_id, attdate, attstatus) values(3,1,5,2,"2022-08-10","A");
insert into attend(fac_id, sem_id, stu_id, sub_id, attdate, attstatus) values(4,1,1,3,"2022-08-10","P");
insert into attend(fac_id, sem_id, stu_id, sub_id, attdate, attstatus) values(4,1,2,3,"2022-08-10","P");
insert into attend(fac_id, sem_id, stu_id, sub_id, attdate, attstatus) values(4,1,3,3,"2022-08-10","A");
insert into attend(fac_id, sem_id, stu_id, sub_id, attdate, attstatus) values(4,1,4,3,"2022-08-10","P");
insert into attend(fac_id, sem_id, stu_id, sub_id, attdate, attstatus) values(4,1,5,3,"2022-08-10","P");
insert into attend(fac_id, sem_id, stu_id, sub_id, attdate, attstatus) values(5,1,1,1,"2022-08-11","A");
insert into attend(fac_id, sem_id, stu_id, sub_id, attdate, attstatus) values(5,1,2,1,"2022-08-11","P");
insert into attend(fac_id, sem_id, stu_id, sub_id, attdate, attstatus) values(5,1,3,1,"2022-08-11","P");
insert into attend(fac_id, sem_id, stu_id, sub_id, attdate, attstatus) values(5,1,4,1,"2022-08-11","P");
insert into attend(fac_id, sem_id, stu_id, sub_id, attdate, attstatus) values(5,1,5,1,"2022-08-11","P");
insert into attend(fac_id, sem_id, stu_id, sub_id, attdate, attstatus) values(1,1,1,2,"2022-08-11","P");
insert into attend(fac_id, sem_id, stu_id, sub_id, attdate, attstatus) values(1,1,2,2,"2022-08-11","A");
insert into attend(fac_id, sem_id, stu_id, sub_id, attdate, attstatus) values(1,1,3,2,"2022-08-11","P");
insert into attend(fac_id, sem_id, stu_id, sub_id, attdate, attstatus) values(1,1,4,2,"2022-08-11","P");
insert into attend(fac_id, sem_id, stu_id, sub_id, attdate, attstatus) values(1,1,5,2,"2022-08-11","P");
insert into attend(fac_id, sem_id, stu_id, sub_id, attdate, attstatus) values(2,1,1,3,"2022-08-11","P");
insert into attend(fac_id, sem_id, stu_id, sub_id, attdate, attstatus) values(2,1,2,3,"2022-08-11","A");
insert into attend(fac_id, sem_id, stu_id, sub_id, attdate, attstatus) values(2,1,3,3,"2022-08-11","A");
insert into attend(fac_id, sem_id, stu_id, sub_id, attdate, attstatus) values(2,1,4,3,"2022-08-11","A");
insert into attend(fac_id, sem_id, stu_id, sub_id, attdate, attstatus) values(2,1,5,3,"2022-08-11","A");
insert into attend(fac_id, sem_id, stu_id, sub_id, attdate, attstatus) values(1,1,1,1,"2022-08-12","P");
insert into attend(fac_id, sem_id, stu_id, sub_id, attdate, attstatus) values(1,1,2,1,"2022-08-12","P");
insert into attend(fac_id, sem_id, stu_id, sub_id, attdate, attstatus) values(1,1,3,1,"2022-08-12","A");
insert into attend(fac_id, sem_id, stu_id, sub_id, attdate, attstatus) values(1,1,4,1,"2022-08-12","P");
insert into attend(fac_id, sem_id, stu_id, sub_id, attdate, attstatus) values(1,1,5,1,"2022-08-12","A");
insert into attend(fac_id, sem_id, stu_id, sub_id, attdate, attstatus) values(2,1,1,2,"2022-08-12","P");
insert into attend(fac_id, sem_id, stu_id, sub_id, attdate, attstatus) values(2,1,2,2,"2022-08-12","P");
insert into attend(fac_id, sem_id, stu_id, sub_id, attdate, attstatus) values(2,1,3,2,"2022-08-12","A");
insert into attend(fac_id, sem_id, stu_id, sub_id, attdate, attstatus) values(2,1,4,2,"2022-08-12","A");
insert into attend(fac_id, sem_id, stu_id, sub_id, attdate, attstatus) values(2,1,5,2,"2022-08-12","P");
insert into attend(fac_id, sem_id, stu_id, sub_id, attdate, attstatus) values(3,1,1,3,"2022-08-12","A");
insert into attend(fac_id, sem_id, stu_id, sub_id, attdate, attstatus) values(3,1,2,3,"2022-08-12","P");
insert into attend(fac_id, sem_id, stu_id, sub_id, attdate, attstatus) values(3,1,3,3,"2022-08-12","P");
insert into attend(fac_id, sem_id, stu_id, sub_id, attdate, attstatus) values(3,1,4,3,"2022-08-12","A");
insert into attend(fac_id, sem_id, stu_id, sub_id, attdate, attstatus) values(3,1,5,3,"2022-08-12","A");
insert into attend(fac_id, sem_id, stu_id, sub_id, attdate, attstatus) values(4,3,6,4,"2022-08-08","P");
insert into attend(fac_id, sem_id, stu_id, sub_id, attdate, attstatus) values(4,3,7,4,"2022-08-08","A");
insert into attend(fac_id, sem_id, stu_id, sub_id, attdate, attstatus) values(4,3,8,4,"2022-08-08","A");
insert into attend(fac_id, sem_id, stu_id, sub_id, attdate, attstatus) values(4,3,9,4,"2022-08-08","P");
insert into attend(fac_id, sem_id, stu_id, sub_id, attdate, attstatus) values(4,3,10,4,"2022-08-08","P");
insert into attend(fac_id, sem_id, stu_id, sub_id, attdate, attstatus) values(5,3,6,5,"2022-08-08","A");
insert into attend(fac_id, sem_id, stu_id, sub_id, attdate, attstatus) values(5,3,7,5,"2022-08-08","A");
insert into attend(fac_id, sem_id, stu_id, sub_id, attdate, attstatus) values(5,3,8,5,"2022-08-08","P");
insert into attend(fac_id, sem_id, stu_id, sub_id, attdate, attstatus) values(5,3,9,5,"2022-08-08","A");
insert into attend(fac_id, sem_id, stu_id, sub_id, attdate, attstatus) values(5,3,10,5,"2022-08-08","A");
insert into attend(fac_id, sem_id, stu_id, sub_id, attdate, attstatus) values(1,3,6,6,"2022-08-08","A");
insert into attend(fac_id, sem_id, stu_id, sub_id, attdate, attstatus) values(1,3,7,6,"2022-08-08","A");
insert into attend(fac_id, sem_id, stu_id, sub_id, attdate, attstatus) values(1,3,8,6,"2022-08-08","A");
insert into attend(fac_id, sem_id, stu_id, sub_id, attdate, attstatus) values(1,3,9,6,"2022-08-08","P");
insert into attend(fac_id, sem_id, stu_id, sub_id, attdate, attstatus) values(1,3,10,6,"2022-08-08","A");
insert into attend(fac_id, sem_id, stu_id, sub_id, attdate, attstatus) values(2,3,6,4,"2022-08-09","P");
insert into attend(fac_id, sem_id, stu_id, sub_id, attdate, attstatus) values(2,3,7,4,"2022-08-09","P");
insert into attend(fac_id, sem_id, stu_id, sub_id, attdate, attstatus) values(2,3,8,4,"2022-08-09","A");
insert into attend(fac_id, sem_id, stu_id, sub_id, attdate, attstatus) values(2,3,9,4,"2022-08-09","P");
insert into attend(fac_id, sem_id, stu_id, sub_id, attdate, attstatus) values(2,3,10,4,"2022-08-09","A");
insert into attend(fac_id, sem_id, stu_id, sub_id, attdate, attstatus) values(3,3,6,5,"2022-08-09","A");
insert into attend(fac_id, sem_id, stu_id, sub_id, attdate, attstatus) values(3,3,7,5,"2022-08-09","P");
insert into attend(fac_id, sem_id, stu_id, sub_id, attdate, attstatus) values(3,3,8,5,"2022-08-09","A");
insert into attend(fac_id, sem_id, stu_id, sub_id, attdate, attstatus) values(3,3,9,5,"2022-08-09","A");
insert into attend(fac_id, sem_id, stu_id, sub_id, attdate, attstatus) values(3,3,10,5,"2022-08-09","P");
insert into attend(fac_id, sem_id, stu_id, sub_id, attdate, attstatus) values(4,3,6,6,"2022-08-09","P");
insert into attend(fac_id, sem_id, stu_id, sub_id, attdate, attstatus) values(4,3,7,6,"2022-08-09","P");
insert into attend(fac_id, sem_id, stu_id, sub_id, attdate, attstatus) values(4,3,8,6,"2022-08-09","P");
insert into attend(fac_id, sem_id, stu_id, sub_id, attdate, attstatus) values(4,3,9,6,"2022-08-09","P");
insert into attend(fac_id, sem_id, stu_id, sub_id, attdate, attstatus) values(4,3,10,6,"2022-08-09","A");
insert into attend(fac_id, sem_id, stu_id, sub_id, attdate, attstatus) values(5,3,6,4,"2022-08-10","P");
insert into attend(fac_id, sem_id, stu_id, sub_id, attdate, attstatus) values(5,3,7,4,"2022-08-10","A");
insert into attend(fac_id, sem_id, stu_id, sub_id, attdate, attstatus) values(5,3,8,4,"2022-08-10","A");
insert into attend(fac_id, sem_id, stu_id, sub_id, attdate, attstatus) values(5,3,9,4,"2022-08-10","P");
insert into attend(fac_id, sem_id, stu_id, sub_id, attdate, attstatus) values(5,3,10,4,"2022-08-10","P");
insert into attend(fac_id, sem_id, stu_id, sub_id, attdate, attstatus) values(1,3,6,5,"2022-08-10","P");
insert into attend(fac_id, sem_id, stu_id, sub_id, attdate, attstatus) values(1,3,7,5,"2022-08-10","P");
insert into attend(fac_id, sem_id, stu_id, sub_id, attdate, attstatus) values(1,3,8,5,"2022-08-10","A");
insert into attend(fac_id, sem_id, stu_id, sub_id, attdate, attstatus) values(1,3,9,5,"2022-08-10","P");
insert into attend(fac_id, sem_id, stu_id, sub_id, attdate, attstatus) values(1,3,10,5,"2022-08-10","A");
insert into attend(fac_id, sem_id, stu_id, sub_id, attdate, attstatus) values(2,3,6,6,"2022-08-10","A");
insert into attend(fac_id, sem_id, stu_id, sub_id, attdate, attstatus) values(2,3,7,6,"2022-08-10","P");
insert into attend(fac_id, sem_id, stu_id, sub_id, attdate, attstatus) values(2,3,8,6,"2022-08-10","P");
insert into attend(fac_id, sem_id, stu_id, sub_id, attdate, attstatus) values(2,3,9,6,"2022-08-10","P");
insert into attend(fac_id, sem_id, stu_id, sub_id, attdate, attstatus) values(2,3,10,6,"2022-08-10","P");
insert into attend(fac_id, sem_id, stu_id, sub_id, attdate, attstatus) values(3,3,6,4,"2022-08-11","A");
insert into attend(fac_id, sem_id, stu_id, sub_id, attdate, attstatus) values(3,3,7,4,"2022-08-11","P");
insert into attend(fac_id, sem_id, stu_id, sub_id, attdate, attstatus) values(3,3,8,4,"2022-08-11","P");
insert into attend(fac_id, sem_id, stu_id, sub_id, attdate, attstatus) values(3,3,9,4,"2022-08-11","P");
insert into attend(fac_id, sem_id, stu_id, sub_id, attdate, attstatus) values(3,3,10,4,"2022-08-11","A");
insert into attend(fac_id, sem_id, stu_id, sub_id, attdate, attstatus) values(4,3,6,5,"2022-08-11","A");
insert into attend(fac_id, sem_id, stu_id, sub_id, attdate, attstatus) values(4,3,7,5,"2022-08-11","A");
insert into attend(fac_id, sem_id, stu_id, sub_id, attdate, attstatus) values(4,3,8,5,"2022-08-11","P");
insert into attend(fac_id, sem_id, stu_id, sub_id, attdate, attstatus) values(4,3,9,5,"2022-08-11","P");
insert into attend(fac_id, sem_id, stu_id, sub_id, attdate, attstatus) values(4,3,10,5,"2022-08-11","P");
insert into attend(fac_id, sem_id, stu_id, sub_id, attdate, attstatus) values(5,3,6,6,"2022-08-11","A");
insert into attend(fac_id, sem_id, stu_id, sub_id, attdate, attstatus) values(5,3,7,6,"2022-08-11","A");
insert into attend(fac_id, sem_id, stu_id, sub_id, attdate, attstatus) values(5,3,8,6,"2022-08-11","A");
insert into attend(fac_id, sem_id, stu_id, sub_id, attdate, attstatus) values(5,3,9,6,"2022-08-11","P");
insert into attend(fac_id, sem_id, stu_id, sub_id, attdate, attstatus) values(5,3,10,6,"2022-08-11","P");
insert into attend(fac_id, sem_id, stu_id, sub_id, attdate, attstatus) values(1,3,6,4,"2022-08-12","A");
insert into attend(fac_id, sem_id, stu_id, sub_id, attdate, attstatus) values(1,3,7,4,"2022-08-12","A");
insert into attend(fac_id, sem_id, stu_id, sub_id, attdate, attstatus) values(1,3,8,4,"2022-08-12","P");
insert into attend(fac_id, sem_id, stu_id, sub_id, attdate, attstatus) values(1,3,9,4,"2022-08-12","P");
insert into attend(fac_id, sem_id, stu_id, sub_id, attdate, attstatus) values(1,3,10,4,"2022-08-12","P");
insert into attend(fac_id, sem_id, stu_id, sub_id, attdate, attstatus) values(2,3,6,5,"2022-08-12","A");
insert into attend(fac_id, sem_id, stu_id, sub_id, attdate, attstatus) values(2,3,7,5,"2022-08-12","P");
insert into attend(fac_id, sem_id, stu_id, sub_id, attdate, attstatus) values(2,3,8,5,"2022-08-12","P");
insert into attend(fac_id, sem_id, stu_id, sub_id, attdate, attstatus) values(2,3,9,5,"2022-08-12","A");
insert into attend(fac_id, sem_id, stu_id, sub_id, attdate, attstatus) values(2,3,10,5,"2022-08-12","P");
insert into attend(fac_id, sem_id, stu_id, sub_id, attdate, attstatus) values(3,3,6,6,"2022-08-12","A");
insert into attend(fac_id, sem_id, stu_id, sub_id, attdate, attstatus) values(3,3,7,6,"2022-08-12","P");
insert into attend(fac_id, sem_id, stu_id, sub_id, attdate, attstatus) values(3,3,8,6,"2022-08-12","P");
insert into attend(fac_id, sem_id, stu_id, sub_id, attdate, attstatus) values(3,3,9,6,"2022-08-12","P");
insert into attend(fac_id, sem_id, stu_id, sub_id, attdate, attstatus) values(3,3,10,6,"2022-08-12","A");
insert into attend(fac_id, sem_id, stu_id, sub_id, attdate, attstatus) values(4,5,11,7,"2022-08-08","A");
insert into attend(fac_id, sem_id, stu_id, sub_id, attdate, attstatus) values(4,5,12,7,"2022-08-08","A");
insert into attend(fac_id, sem_id, stu_id, sub_id, attdate, attstatus) values(4,5,13,7,"2022-08-08","P");
insert into attend(fac_id, sem_id, stu_id, sub_id, attdate, attstatus) values(4,5,14,7,"2022-08-08","P");
insert into attend(fac_id, sem_id, stu_id, sub_id, attdate, attstatus) values(4,5,15,7,"2022-08-08","A");
insert into attend(fac_id, sem_id, stu_id, sub_id, attdate, attstatus) values(5,5,11,8,"2022-08-08","A");
insert into attend(fac_id, sem_id, stu_id, sub_id, attdate, attstatus) values(5,5,12,8,"2022-08-08","A");
insert into attend(fac_id, sem_id, stu_id, sub_id, attdate, attstatus) values(5,5,13,8,"2022-08-08","A");
insert into attend(fac_id, sem_id, stu_id, sub_id, attdate, attstatus) values(5,5,14,8,"2022-08-08","A");
insert into attend(fac_id, sem_id, stu_id, sub_id, attdate, attstatus) values(5,5,15,8,"2022-08-08","A");
insert into attend(fac_id, sem_id, stu_id, sub_id, attdate, attstatus) values(1,5,11,9,"2022-08-08","A");
insert into attend(fac_id, sem_id, stu_id, sub_id, attdate, attstatus) values(1,5,12,9,"2022-08-08","P");
insert into attend(fac_id, sem_id, stu_id, sub_id, attdate, attstatus) values(1,5,13,9,"2022-08-08","P");
insert into attend(fac_id, sem_id, stu_id, sub_id, attdate, attstatus) values(1,5,14,9,"2022-08-08","P");
insert into attend(fac_id, sem_id, stu_id, sub_id, attdate, attstatus) values(1,5,15,9,"2022-08-08","P");
insert into attend(fac_id, sem_id, stu_id, sub_id, attdate, attstatus) values(2,5,11,7,"2022-08-09","P");
insert into attend(fac_id, sem_id, stu_id, sub_id, attdate, attstatus) values(2,5,12,7,"2022-08-09","A");
insert into attend(fac_id, sem_id, stu_id, sub_id, attdate, attstatus) values(2,5,13,7,"2022-08-09","P");
insert into attend(fac_id, sem_id, stu_id, sub_id, attdate, attstatus) values(2,5,14,7,"2022-08-09","P");
insert into attend(fac_id, sem_id, stu_id, sub_id, attdate, attstatus) values(2,5,15,7,"2022-08-09","A");
insert into attend(fac_id, sem_id, stu_id, sub_id, attdate, attstatus) values(3,5,11,8,"2022-08-09","P");
insert into attend(fac_id, sem_id, stu_id, sub_id, attdate, attstatus) values(3,5,12,8,"2022-08-09","A");
insert into attend(fac_id, sem_id, stu_id, sub_id, attdate, attstatus) values(3,5,13,8,"2022-08-09","P");
insert into attend(fac_id, sem_id, stu_id, sub_id, attdate, attstatus) values(3,5,14,8,"2022-08-09","A");
insert into attend(fac_id, sem_id, stu_id, sub_id, attdate, attstatus) values(3,5,15,8,"2022-08-09","P");
insert into attend(fac_id, sem_id, stu_id, sub_id, attdate, attstatus) values(4,5,11,9,"2022-08-09","A");
insert into attend(fac_id, sem_id, stu_id, sub_id, attdate, attstatus) values(4,5,12,9,"2022-08-09","P");
insert into attend(fac_id, sem_id, stu_id, sub_id, attdate, attstatus) values(4,5,13,9,"2022-08-09","P");
insert into attend(fac_id, sem_id, stu_id, sub_id, attdate, attstatus) values(4,5,14,9,"2022-08-09","A");
insert into attend(fac_id, sem_id, stu_id, sub_id, attdate, attstatus) values(4,5,15,9,"2022-08-09","A");
insert into attend(fac_id, sem_id, stu_id, sub_id, attdate, attstatus) values(5,5,11,7,"2022-08-10","A");
insert into attend(fac_id, sem_id, stu_id, sub_id, attdate, attstatus) values(5,5,12,7,"2022-08-10","P");
insert into attend(fac_id, sem_id, stu_id, sub_id, attdate, attstatus) values(5,5,13,7,"2022-08-10","P");
insert into attend(fac_id, sem_id, stu_id, sub_id, attdate, attstatus) values(5,5,14,7,"2022-08-10","A");
insert into attend(fac_id, sem_id, stu_id, sub_id, attdate, attstatus) values(5,5,15,7,"2022-08-10","P");
insert into attend(fac_id, sem_id, stu_id, sub_id, attdate, attstatus) values(1,5,11,8,"2022-08-10","A");
insert into attend(fac_id, sem_id, stu_id, sub_id, attdate, attstatus) values(1,5,12,8,"2022-08-10","A");
insert into attend(fac_id, sem_id, stu_id, sub_id, attdate, attstatus) values(1,5,13,8,"2022-08-10","A");
insert into attend(fac_id, sem_id, stu_id, sub_id, attdate, attstatus) values(1,5,14,8,"2022-08-10","P");
insert into attend(fac_id, sem_id, stu_id, sub_id, attdate, attstatus) values(1,5,15,8,"2022-08-10","P");
insert into attend(fac_id, sem_id, stu_id, sub_id, attdate, attstatus) values(2,5,11,9,"2022-08-10","P");
insert into attend(fac_id, sem_id, stu_id, sub_id, attdate, attstatus) values(2,5,12,9,"2022-08-10","A");
insert into attend(fac_id, sem_id, stu_id, sub_id, attdate, attstatus) values(2,5,13,9,"2022-08-10","P");
insert into attend(fac_id, sem_id, stu_id, sub_id, attdate, attstatus) values(2,5,14,9,"2022-08-10","P");
insert into attend(fac_id, sem_id, stu_id, sub_id, attdate, attstatus) values(2,5,15,9,"2022-08-10","A");
insert into attend(fac_id, sem_id, stu_id, sub_id, attdate, attstatus) values(1,5,11,7,"2022-08-11","A");
insert into attend(fac_id, sem_id, stu_id, sub_id, attdate, attstatus) values(1,5,12,7,"2022-08-11","P");
insert into attend(fac_id, sem_id, stu_id, sub_id, attdate, attstatus) values(1,5,13,7,"2022-08-11","A");
insert into attend(fac_id, sem_id, stu_id, sub_id, attdate, attstatus) values(1,5,14,7,"2022-08-11","A");
insert into attend(fac_id, sem_id, stu_id, sub_id, attdate, attstatus) values(1,5,15,7,"2022-08-11","P");
insert into attend(fac_id, sem_id, stu_id, sub_id, attdate, attstatus) values(2,5,11,8,"2022-08-11","P");
insert into attend(fac_id, sem_id, stu_id, sub_id, attdate, attstatus) values(2,5,12,8,"2022-08-11","P");
insert into attend(fac_id, sem_id, stu_id, sub_id, attdate, attstatus) values(2,5,13,8,"2022-08-11","A");
insert into attend(fac_id, sem_id, stu_id, sub_id, attdate, attstatus) values(2,5,14,8,"2022-08-11","P");
insert into attend(fac_id, sem_id, stu_id, sub_id, attdate, attstatus) values(2,5,15,8,"2022-08-11","A");
insert into attend(fac_id, sem_id, stu_id, sub_id, attdate, attstatus) values(3,5,11,9,"2022-08-11","A");
insert into attend(fac_id, sem_id, stu_id, sub_id, attdate, attstatus) values(3,5,12,9,"2022-08-11","A");
insert into attend(fac_id, sem_id, stu_id, sub_id, attdate, attstatus) values(3,5,13,9,"2022-08-11","A");
insert into attend(fac_id, sem_id, stu_id, sub_id, attdate, attstatus) values(3,5,14,9,"2022-08-11","A");
insert into attend(fac_id, sem_id, stu_id, sub_id, attdate, attstatus) values(3,5,15,9,"2022-08-11","A");
insert into attend(fac_id, sem_id, stu_id, sub_id, attdate, attstatus) values(4,5,11,7,"2022-08-12","P");
insert into attend(fac_id, sem_id, stu_id, sub_id, attdate, attstatus) values(4,5,12,7,"2022-08-12","A");
insert into attend(fac_id, sem_id, stu_id, sub_id, attdate, attstatus) values(4,5,13,7,"2022-08-12","P");
insert into attend(fac_id, sem_id, stu_id, sub_id, attdate, attstatus) values(4,5,14,7,"2022-08-12","A");
insert into attend(fac_id, sem_id, stu_id, sub_id, attdate, attstatus) values(4,5,15,7,"2022-08-12","A");
insert into attend(fac_id, sem_id, stu_id, sub_id, attdate, attstatus) values(5,5,11,8,"2022-08-12","A");
insert into attend(fac_id, sem_id, stu_id, sub_id, attdate, attstatus) values(5,5,12,8,"2022-08-12","P");
insert into attend(fac_id, sem_id, stu_id, sub_id, attdate, attstatus) values(5,5,13,8,"2022-08-12","P");
insert into attend(fac_id, sem_id, stu_id, sub_id, attdate, attstatus) values(5,5,14,8,"2022-08-12","P");
insert into attend(fac_id, sem_id, stu_id, sub_id, attdate, attstatus) values(5,5,15,8,"2022-08-12","A");
insert into attend(fac_id, sem_id, stu_id, sub_id, attdate, attstatus) values(1,5,11,9,"2022-08-12","P");
insert into attend(fac_id, sem_id, stu_id, sub_id, attdate, attstatus) values(1,5,12,9,"2022-08-12","P");
insert into attend(fac_id, sem_id, stu_id, sub_id, attdate, attstatus) values(1,5,13,9,"2022-08-12","P");
insert into attend(fac_id, sem_id, stu_id, sub_id, attdate, attstatus) values(1,5,14,9,"2022-08-12","A");
insert into attend(fac_id, sem_id, stu_id, sub_id, attdate, attstatus) values(1,5,15,9,"2022-08-12","A");
insert into attend(fac_id, sem_id, stu_id, sub_id, attdate, attstatus) values(2,7,16,10,"2022-08-08","P");
insert into attend(fac_id, sem_id, stu_id, sub_id, attdate, attstatus) values(2,7,17,10,"2022-08-08","P");
insert into attend(fac_id, sem_id, stu_id, sub_id, attdate, attstatus) values(2,7,18,10,"2022-08-08","A");
insert into attend(fac_id, sem_id, stu_id, sub_id, attdate, attstatus) values(2,7,19,10,"2022-08-08","A");
insert into attend(fac_id, sem_id, stu_id, sub_id, attdate, attstatus) values(2,7,20,10,"2022-08-08","P");
insert into attend(fac_id, sem_id, stu_id, sub_id, attdate, attstatus) values(3,7,16,11,"2022-08-08","P");
insert into attend(fac_id, sem_id, stu_id, sub_id, attdate, attstatus) values(3,7,17,11,"2022-08-08","P");
insert into attend(fac_id, sem_id, stu_id, sub_id, attdate, attstatus) values(3,7,18,11,"2022-08-08","P");
insert into attend(fac_id, sem_id, stu_id, sub_id, attdate, attstatus) values(3,7,19,11,"2022-08-08","A");
insert into attend(fac_id, sem_id, stu_id, sub_id, attdate, attstatus) values(3,7,20,11,"2022-08-08","A");
insert into attend(fac_id, sem_id, stu_id, sub_id, attdate, attstatus) values(4,7,16,12,"2022-08-08","A");
insert into attend(fac_id, sem_id, stu_id, sub_id, attdate, attstatus) values(4,7,17,12,"2022-08-08","A");
insert into attend(fac_id, sem_id, stu_id, sub_id, attdate, attstatus) values(4,7,18,12,"2022-08-08","A");
insert into attend(fac_id, sem_id, stu_id, sub_id, attdate, attstatus) values(4,7,19,12,"2022-08-08","P");
insert into attend(fac_id, sem_id, stu_id, sub_id, attdate, attstatus) values(4,7,20,12,"2022-08-08","A");
insert into attend(fac_id, sem_id, stu_id, sub_id, attdate, attstatus) values(5,7,16,10,"2022-08-09","P");
insert into attend(fac_id, sem_id, stu_id, sub_id, attdate, attstatus) values(5,7,17,10,"2022-08-09","P");
insert into attend(fac_id, sem_id, stu_id, sub_id, attdate, attstatus) values(5,7,18,10,"2022-08-09","P");
insert into attend(fac_id, sem_id, stu_id, sub_id, attdate, attstatus) values(5,7,19,10,"2022-08-09","P");
insert into attend(fac_id, sem_id, stu_id, sub_id, attdate, attstatus) values(5,7,20,10,"2022-08-09","P");
insert into attend(fac_id, sem_id, stu_id, sub_id, attdate, attstatus) values(1,7,16,11,"2022-08-09","A");
insert into attend(fac_id, sem_id, stu_id, sub_id, attdate, attstatus) values(1,7,17,11,"2022-08-09","A");
insert into attend(fac_id, sem_id, stu_id, sub_id, attdate, attstatus) values(1,7,18,11,"2022-08-09","A");
insert into attend(fac_id, sem_id, stu_id, sub_id, attdate, attstatus) values(1,7,19,11,"2022-08-09","P");
insert into attend(fac_id, sem_id, stu_id, sub_id, attdate, attstatus) values(1,7,20,11,"2022-08-09","P");
insert into attend(fac_id, sem_id, stu_id, sub_id, attdate, attstatus) values(2,7,16,12,"2022-08-09","A");
insert into attend(fac_id, sem_id, stu_id, sub_id, attdate, attstatus) values(2,7,17,12,"2022-08-09","P");
insert into attend(fac_id, sem_id, stu_id, sub_id, attdate, attstatus) values(2,7,18,12,"2022-08-09","A");
insert into attend(fac_id, sem_id, stu_id, sub_id, attdate, attstatus) values(2,7,19,12,"2022-08-09","A");
insert into attend(fac_id, sem_id, stu_id, sub_id, attdate, attstatus) values(2,7,20,12,"2022-08-09","A");
insert into attend(fac_id, sem_id, stu_id, sub_id, attdate, attstatus) values(3,7,16,10,"2022-08-10","A");
insert into attend(fac_id, sem_id, stu_id, sub_id, attdate, attstatus) values(3,7,17,10,"2022-08-10","P");
insert into attend(fac_id, sem_id, stu_id, sub_id, attdate, attstatus) values(3,7,18,10,"2022-08-10","A");
insert into attend(fac_id, sem_id, stu_id, sub_id, attdate, attstatus) values(3,7,19,10,"2022-08-10","A");
insert into attend(fac_id, sem_id, stu_id, sub_id, attdate, attstatus) values(3,7,20,10,"2022-08-10","A");
insert into attend(fac_id, sem_id, stu_id, sub_id, attdate, attstatus) values(4,7,16,11,"2022-08-10","P");
insert into attend(fac_id, sem_id, stu_id, sub_id, attdate, attstatus) values(4,7,17,11,"2022-08-10","A");
insert into attend(fac_id, sem_id, stu_id, sub_id, attdate, attstatus) values(4,7,18,11,"2022-08-10","P");
insert into attend(fac_id, sem_id, stu_id, sub_id, attdate, attstatus) values(4,7,19,11,"2022-08-10","P");
insert into attend(fac_id, sem_id, stu_id, sub_id, attdate, attstatus) values(4,7,20,11,"2022-08-10","A");
insert into attend(fac_id, sem_id, stu_id, sub_id, attdate, attstatus) values(5,7,16,12,"2022-08-10","P");
insert into attend(fac_id, sem_id, stu_id, sub_id, attdate, attstatus) values(5,7,17,12,"2022-08-10","A");
insert into attend(fac_id, sem_id, stu_id, sub_id, attdate, attstatus) values(5,7,18,12,"2022-08-10","P");
insert into attend(fac_id, sem_id, stu_id, sub_id, attdate, attstatus) values(5,7,19,12,"2022-08-10","A");
insert into attend(fac_id, sem_id, stu_id, sub_id, attdate, attstatus) values(5,7,20,12,"2022-08-10","A");
insert into attend(fac_id, sem_id, stu_id, sub_id, attdate, attstatus) values(1,7,16,10,"2022-08-11","A");
insert into attend(fac_id, sem_id, stu_id, sub_id, attdate, attstatus) values(1,7,17,10,"2022-08-11","A");
insert into attend(fac_id, sem_id, stu_id, sub_id, attdate, attstatus) values(1,7,18,10,"2022-08-11","A");
insert into attend(fac_id, sem_id, stu_id, sub_id, attdate, attstatus) values(1,7,19,10,"2022-08-11","P");
insert into attend(fac_id, sem_id, stu_id, sub_id, attdate, attstatus) values(1,7,20,10,"2022-08-11","A");
insert into attend(fac_id, sem_id, stu_id, sub_id, attdate, attstatus) values(2,7,16,11,"2022-08-11","A");
insert into attend(fac_id, sem_id, stu_id, sub_id, attdate, attstatus) values(2,7,17,11,"2022-08-11","P");
insert into attend(fac_id, sem_id, stu_id, sub_id, attdate, attstatus) values(2,7,18,11,"2022-08-11","A");
insert into attend(fac_id, sem_id, stu_id, sub_id, attdate, attstatus) values(2,7,19,11,"2022-08-11","P");
insert into attend(fac_id, sem_id, stu_id, sub_id, attdate, attstatus) values(2,7,20,11,"2022-08-11","P");
insert into attend(fac_id, sem_id, stu_id, sub_id, attdate, attstatus) values(3,7,16,12,"2022-08-11","P");
insert into attend(fac_id, sem_id, stu_id, sub_id, attdate, attstatus) values(3,7,17,12,"2022-08-11","P");
insert into attend(fac_id, sem_id, stu_id, sub_id, attdate, attstatus) values(3,7,18,12,"2022-08-11","P");
insert into attend(fac_id, sem_id, stu_id, sub_id, attdate, attstatus) values(3,7,19,12,"2022-08-11","P");
insert into attend(fac_id, sem_id, stu_id, sub_id, attdate, attstatus) values(3,7,20,12,"2022-08-11","A");
insert into attend(fac_id, sem_id, stu_id, sub_id, attdate, attstatus) values(4,7,16,10,"2022-08-12","A");
insert into attend(fac_id, sem_id, stu_id, sub_id, attdate, attstatus) values(4,7,17,10,"2022-08-12","P");
insert into attend(fac_id, sem_id, stu_id, sub_id, attdate, attstatus) values(4,7,18,10,"2022-08-12","A");
insert into attend(fac_id, sem_id, stu_id, sub_id, attdate, attstatus) values(4,7,19,10,"2022-08-12","A");
insert into attend(fac_id, sem_id, stu_id, sub_id, attdate, attstatus) values(4,7,20,10,"2022-08-12","A");
insert into attend(fac_id, sem_id, stu_id, sub_id, attdate, attstatus) values(5,7,16,11,"2022-08-12","A");
insert into attend(fac_id, sem_id, stu_id, sub_id, attdate, attstatus) values(5,7,17,11,"2022-08-12","P");
insert into attend(fac_id, sem_id, stu_id, sub_id, attdate, attstatus) values(5,7,18,11,"2022-08-12","P");
insert into attend(fac_id, sem_id, stu_id, sub_id, attdate, attstatus) values(5,7,19,11,"2022-08-12","A");
insert into attend(fac_id, sem_id, stu_id, sub_id, attdate, attstatus) values(5,7,20,11,"2022-08-12","A");
insert into attend(fac_id, sem_id, stu_id, sub_id, attdate, attstatus) values(1,7,16,12,"2022-08-12","A");
insert into attend(fac_id, sem_id, stu_id, sub_id, attdate, attstatus) values(1,7,17,12,"2022-08-12","P");
insert into attend(fac_id, sem_id, stu_id, sub_id, attdate, attstatus) values(1,7,18,12,"2022-08-12","P");
insert into attend(fac_id, sem_id, stu_id, sub_id, attdate, attstatus) values(1,7,19,12,"2022-08-12","P");
insert into attend(fac_id, sem_id, stu_id, sub_id, attdate, attstatus) values(1,7,20,12,"2022-08-12","P");
insert into attend(fac_id, sem_id, stu_id, sub_id, attdate, attstatus) values(1,1,1,1,"2022-08-15","A");
insert into attend(fac_id, sem_id, stu_id, sub_id, attdate, attstatus) values(1,1,2,1,"2022-08-15","A");
insert into attend(fac_id, sem_id, stu_id, sub_id, attdate, attstatus) values(1,1,3,1,"2022-08-15","P");
insert into attend(fac_id, sem_id, stu_id, sub_id, attdate, attstatus) values(1,1,4,1,"2022-08-15","A");
insert into attend(fac_id, sem_id, stu_id, sub_id, attdate, attstatus) values(1,1,5,1,"2022-08-15","P");
insert into attend(fac_id, sem_id, stu_id, sub_id, attdate, attstatus) values(2,1,1,2,"2022-08-15","P");
insert into attend(fac_id, sem_id, stu_id, sub_id, attdate, attstatus) values(2,1,2,2,"2022-08-15","P");
insert into attend(fac_id, sem_id, stu_id, sub_id, attdate, attstatus) values(2,1,3,2,"2022-08-15","A");
insert into attend(fac_id, sem_id, stu_id, sub_id, attdate, attstatus) values(2,1,4,2,"2022-08-15","A");
insert into attend(fac_id, sem_id, stu_id, sub_id, attdate, attstatus) values(2,1,5,2,"2022-08-15","A");
insert into attend(fac_id, sem_id, stu_id, sub_id, attdate, attstatus) values(3,1,1,3,"2022-08-15","P");
insert into attend(fac_id, sem_id, stu_id, sub_id, attdate, attstatus) values(3,1,2,3,"2022-08-15","P");
insert into attend(fac_id, sem_id, stu_id, sub_id, attdate, attstatus) values(3,1,3,3,"2022-08-15","A");
insert into attend(fac_id, sem_id, stu_id, sub_id, attdate, attstatus) values(3,1,4,3,"2022-08-15","P");
insert into attend(fac_id, sem_id, stu_id, sub_id, attdate, attstatus) values(3,1,5,3,"2022-08-15","A");
insert into attend(fac_id, sem_id, stu_id, sub_id, attdate, attstatus) values(4,1,1,1,"2022-08-16","A");
insert into attend(fac_id, sem_id, stu_id, sub_id, attdate, attstatus) values(4,1,2,1,"2022-08-16","P");
insert into attend(fac_id, sem_id, stu_id, sub_id, attdate, attstatus) values(4,1,3,1,"2022-08-16","P");
insert into attend(fac_id, sem_id, stu_id, sub_id, attdate, attstatus) values(4,1,4,1,"2022-08-16","P");
insert into attend(fac_id, sem_id, stu_id, sub_id, attdate, attstatus) values(4,1,5,1,"2022-08-16","P");
insert into attend(fac_id, sem_id, stu_id, sub_id, attdate, attstatus) values(5,1,1,2,"2022-08-16","A");
insert into attend(fac_id, sem_id, stu_id, sub_id, attdate, attstatus) values(5,1,2,2,"2022-08-16","P");
insert into attend(fac_id, sem_id, stu_id, sub_id, attdate, attstatus) values(5,1,3,2,"2022-08-16","A");
insert into attend(fac_id, sem_id, stu_id, sub_id, attdate, attstatus) values(5,1,4,2,"2022-08-16","P");
insert into attend(fac_id, sem_id, stu_id, sub_id, attdate, attstatus) values(5,1,5,2,"2022-08-16","A");
insert into attend(fac_id, sem_id, stu_id, sub_id, attdate, attstatus) values(1,1,1,3,"2022-08-16","P");
insert into attend(fac_id, sem_id, stu_id, sub_id, attdate, attstatus) values(1,1,2,3,"2022-08-16","A");
insert into attend(fac_id, sem_id, stu_id, sub_id, attdate, attstatus) values(1,1,3,3,"2022-08-16","A");
insert into attend(fac_id, sem_id, stu_id, sub_id, attdate, attstatus) values(1,1,4,3,"2022-08-16","A");
insert into attend(fac_id, sem_id, stu_id, sub_id, attdate, attstatus) values(1,1,5,3,"2022-08-16","P");
insert into attend(fac_id, sem_id, stu_id, sub_id, attdate, attstatus) values(2,1,1,1,"2022-08-17","A");
insert into attend(fac_id, sem_id, stu_id, sub_id, attdate, attstatus) values(2,1,2,1,"2022-08-17","A");
insert into attend(fac_id, sem_id, stu_id, sub_id, attdate, attstatus) values(2,1,3,1,"2022-08-17","A");
insert into attend(fac_id, sem_id, stu_id, sub_id, attdate, attstatus) values(2,1,4,1,"2022-08-17","A");
insert into attend(fac_id, sem_id, stu_id, sub_id, attdate, attstatus) values(2,1,5,1,"2022-08-17","A");
insert into attend(fac_id, sem_id, stu_id, sub_id, attdate, attstatus) values(3,1,1,2,"2022-08-17","P");
insert into attend(fac_id, sem_id, stu_id, sub_id, attdate, attstatus) values(3,1,2,2,"2022-08-17","P");
insert into attend(fac_id, sem_id, stu_id, sub_id, attdate, attstatus) values(3,1,3,2,"2022-08-17","P");
insert into attend(fac_id, sem_id, stu_id, sub_id, attdate, attstatus) values(3,1,4,2,"2022-08-17","P");
insert into attend(fac_id, sem_id, stu_id, sub_id, attdate, attstatus) values(3,1,5,2,"2022-08-17","A");
insert into attend(fac_id, sem_id, stu_id, sub_id, attdate, attstatus) values(4,1,1,3,"2022-08-17","P");
insert into attend(fac_id, sem_id, stu_id, sub_id, attdate, attstatus) values(4,1,2,3,"2022-08-17","P");
insert into attend(fac_id, sem_id, stu_id, sub_id, attdate, attstatus) values(4,1,3,3,"2022-08-17","A");
insert into attend(fac_id, sem_id, stu_id, sub_id, attdate, attstatus) values(4,1,4,3,"2022-08-17","P");
insert into attend(fac_id, sem_id, stu_id, sub_id, attdate, attstatus) values(4,1,5,3,"2022-08-17","P");
insert into attend(fac_id, sem_id, stu_id, sub_id, attdate, attstatus) values(5,1,1,1,"2022-08-18","A");
insert into attend(fac_id, sem_id, stu_id, sub_id, attdate, attstatus) values(5,1,2,1,"2022-08-18","P");
insert into attend(fac_id, sem_id, stu_id, sub_id, attdate, attstatus) values(5,1,3,1,"2022-08-18","P");
insert into attend(fac_id, sem_id, stu_id, sub_id, attdate, attstatus) values(5,1,4,1,"2022-08-18","P");
insert into attend(fac_id, sem_id, stu_id, sub_id, attdate, attstatus) values(5,1,5,1,"2022-08-18","P");
insert into attend(fac_id, sem_id, stu_id, sub_id, attdate, attstatus) values(1,1,1,2,"2022-08-18","P");
insert into attend(fac_id, sem_id, stu_id, sub_id, attdate, attstatus) values(1,1,2,2,"2022-08-18","A");
insert into attend(fac_id, sem_id, stu_id, sub_id, attdate, attstatus) values(1,1,3,2,"2022-08-18","P");
insert into attend(fac_id, sem_id, stu_id, sub_id, attdate, attstatus) values(1,1,4,2,"2022-08-18","P");
insert into attend(fac_id, sem_id, stu_id, sub_id, attdate, attstatus) values(1,1,5,2,"2022-08-18","P");
insert into attend(fac_id, sem_id, stu_id, sub_id, attdate, attstatus) values(2,1,1,3,"2022-08-18","P");
insert into attend(fac_id, sem_id, stu_id, sub_id, attdate, attstatus) values(2,1,2,3,"2022-08-18","A");
insert into attend(fac_id, sem_id, stu_id, sub_id, attdate, attstatus) values(2,1,3,3,"2022-08-18","A");
insert into attend(fac_id, sem_id, stu_id, sub_id, attdate, attstatus) values(2,1,4,3,"2022-08-18","A");
insert into attend(fac_id, sem_id, stu_id, sub_id, attdate, attstatus) values(2,1,5,3,"2022-08-18","A");
insert into attend(fac_id, sem_id, stu_id, sub_id, attdate, attstatus) values(1,1,1,1,"2022-08-19","P");
insert into attend(fac_id, sem_id, stu_id, sub_id, attdate, attstatus) values(1,1,2,1,"2022-08-19","P");
insert into attend(fac_id, sem_id, stu_id, sub_id, attdate, attstatus) values(1,1,3,1,"2022-08-19","A");
insert into attend(fac_id, sem_id, stu_id, sub_id, attdate, attstatus) values(1,1,4,1,"2022-08-19","P");
insert into attend(fac_id, sem_id, stu_id, sub_id, attdate, attstatus) values(1,1,5,1,"2022-08-19","A");
insert into attend(fac_id, sem_id, stu_id, sub_id, attdate, attstatus) values(2,1,1,2,"2022-08-19","P");
insert into attend(fac_id, sem_id, stu_id, sub_id, attdate, attstatus) values(2,1,2,2,"2022-08-19","P");
insert into attend(fac_id, sem_id, stu_id, sub_id, attdate, attstatus) values(2,1,3,2,"2022-08-19","A");
insert into attend(fac_id, sem_id, stu_id, sub_id, attdate, attstatus) values(2,1,4,2,"2022-08-19","A");
insert into attend(fac_id, sem_id, stu_id, sub_id, attdate, attstatus) values(2,1,5,2,"2022-08-19","P");
insert into attend(fac_id, sem_id, stu_id, sub_id, attdate, attstatus) values(3,1,1,3,"2022-08-19","A");
insert into attend(fac_id, sem_id, stu_id, sub_id, attdate, attstatus) values(3,1,2,3,"2022-08-19","P");
insert into attend(fac_id, sem_id, stu_id, sub_id, attdate, attstatus) values(3,1,3,3,"2022-08-19","P");
insert into attend(fac_id, sem_id, stu_id, sub_id, attdate, attstatus) values(3,1,4,3,"2022-08-19","A");
insert into attend(fac_id, sem_id, stu_id, sub_id, attdate, attstatus) values(3,1,5,3,"2022-08-19","A");
insert into attend(fac_id, sem_id, stu_id, sub_id, attdate, attstatus) values(4,3,6,4,"2022-08-15","P");
insert into attend(fac_id, sem_id, stu_id, sub_id, attdate, attstatus) values(4,3,7,4,"2022-08-15","A");
insert into attend(fac_id, sem_id, stu_id, sub_id, attdate, attstatus) values(4,3,8,4,"2022-08-15","A");
insert into attend(fac_id, sem_id, stu_id, sub_id, attdate, attstatus) values(4,3,9,4,"2022-08-15","P");
insert into attend(fac_id, sem_id, stu_id, sub_id, attdate, attstatus) values(4,3,10,4,"2022-08-15","P");
insert into attend(fac_id, sem_id, stu_id, sub_id, attdate, attstatus) values(5,3,6,5,"2022-08-15","A");
insert into attend(fac_id, sem_id, stu_id, sub_id, attdate, attstatus) values(5,3,7,5,"2022-08-15","A");
insert into attend(fac_id, sem_id, stu_id, sub_id, attdate, attstatus) values(5,3,8,5,"2022-08-15","P");
insert into attend(fac_id, sem_id, stu_id, sub_id, attdate, attstatus) values(5,3,9,5,"2022-08-15","A");
insert into attend(fac_id, sem_id, stu_id, sub_id, attdate, attstatus) values(5,3,10,5,"2022-08-15","A");
insert into attend(fac_id, sem_id, stu_id, sub_id, attdate, attstatus) values(1,3,6,6,"2022-08-15","A");
insert into attend(fac_id, sem_id, stu_id, sub_id, attdate, attstatus) values(1,3,7,6,"2022-08-15","A");
insert into attend(fac_id, sem_id, stu_id, sub_id, attdate, attstatus) values(1,3,8,6,"2022-08-15","A");
insert into attend(fac_id, sem_id, stu_id, sub_id, attdate, attstatus) values(1,3,9,6,"2022-08-15","P");
insert into attend(fac_id, sem_id, stu_id, sub_id, attdate, attstatus) values(1,3,10,6,"2022-08-15","A");
insert into attend(fac_id, sem_id, stu_id, sub_id, attdate, attstatus) values(2,3,6,4,"2022-08-16","P");
insert into attend(fac_id, sem_id, stu_id, sub_id, attdate, attstatus) values(2,3,7,4,"2022-08-16","P");
insert into attend(fac_id, sem_id, stu_id, sub_id, attdate, attstatus) values(2,3,8,4,"2022-08-16","A");
insert into attend(fac_id, sem_id, stu_id, sub_id, attdate, attstatus) values(2,3,9,4,"2022-08-16","P");
insert into attend(fac_id, sem_id, stu_id, sub_id, attdate, attstatus) values(2,3,10,4,"2022-08-16","A");
insert into attend(fac_id, sem_id, stu_id, sub_id, attdate, attstatus) values(3,3,6,5,"2022-08-16","A");
insert into attend(fac_id, sem_id, stu_id, sub_id, attdate, attstatus) values(3,3,7,5,"2022-08-16","P");
insert into attend(fac_id, sem_id, stu_id, sub_id, attdate, attstatus) values(3,3,8,5,"2022-08-16","A");
insert into attend(fac_id, sem_id, stu_id, sub_id, attdate, attstatus) values(3,3,9,5,"2022-08-16","A");
insert into attend(fac_id, sem_id, stu_id, sub_id, attdate, attstatus) values(3,3,10,5,"2022-08-16","P");
insert into attend(fac_id, sem_id, stu_id, sub_id, attdate, attstatus) values(4,3,6,6,"2022-08-16","P");
insert into attend(fac_id, sem_id, stu_id, sub_id, attdate, attstatus) values(4,3,7,6,"2022-08-16","P");
insert into attend(fac_id, sem_id, stu_id, sub_id, attdate, attstatus) values(4,3,8,6,"2022-08-16","P");
insert into attend(fac_id, sem_id, stu_id, sub_id, attdate, attstatus) values(4,3,9,6,"2022-08-16","P");
insert into attend(fac_id, sem_id, stu_id, sub_id, attdate, attstatus) values(4,3,10,6,"2022-08-16","A");
insert into attend(fac_id, sem_id, stu_id, sub_id, attdate, attstatus) values(5,3,6,4,"2022-08-17","P");
insert into attend(fac_id, sem_id, stu_id, sub_id, attdate, attstatus) values(5,3,7,4,"2022-08-17","A");
insert into attend(fac_id, sem_id, stu_id, sub_id, attdate, attstatus) values(5,3,8,4,"2022-08-17","A");
insert into attend(fac_id, sem_id, stu_id, sub_id, attdate, attstatus) values(5,3,9,4,"2022-08-17","P");
insert into attend(fac_id, sem_id, stu_id, sub_id, attdate, attstatus) values(5,3,10,4,"2022-08-17","P");
insert into attend(fac_id, sem_id, stu_id, sub_id, attdate, attstatus) values(1,3,6,5,"2022-08-17","P");
insert into attend(fac_id, sem_id, stu_id, sub_id, attdate, attstatus) values(1,3,7,5,"2022-08-17","P");
insert into attend(fac_id, sem_id, stu_id, sub_id, attdate, attstatus) values(1,3,8,5,"2022-08-17","A");
insert into attend(fac_id, sem_id, stu_id, sub_id, attdate, attstatus) values(1,3,9,5,"2022-08-17","P");
insert into attend(fac_id, sem_id, stu_id, sub_id, attdate, attstatus) values(1,3,10,5,"2022-08-17","A");
insert into attend(fac_id, sem_id, stu_id, sub_id, attdate, attstatus) values(2,3,6,6,"2022-08-17","A");
insert into attend(fac_id, sem_id, stu_id, sub_id, attdate, attstatus) values(2,3,7,6,"2022-08-17","P");
insert into attend(fac_id, sem_id, stu_id, sub_id, attdate, attstatus) values(2,3,8,6,"2022-08-17","P");
insert into attend(fac_id, sem_id, stu_id, sub_id, attdate, attstatus) values(2,3,9,6,"2022-08-17","P");
insert into attend(fac_id, sem_id, stu_id, sub_id, attdate, attstatus) values(2,3,10,6,"2022-08-17","P");
insert into attend(fac_id, sem_id, stu_id, sub_id, attdate, attstatus) values(3,3,6,4,"2022-08-18","A");
insert into attend(fac_id, sem_id, stu_id, sub_id, attdate, attstatus) values(3,3,7,4,"2022-08-18","P");
insert into attend(fac_id, sem_id, stu_id, sub_id, attdate, attstatus) values(3,3,8,4,"2022-08-18","P");
insert into attend(fac_id, sem_id, stu_id, sub_id, attdate, attstatus) values(3,3,9,4,"2022-08-18","P");
insert into attend(fac_id, sem_id, stu_id, sub_id, attdate, attstatus) values(3,3,10,4,"2022-08-18","A");
insert into attend(fac_id, sem_id, stu_id, sub_id, attdate, attstatus) values(4,3,6,5,"2022-08-18","A");
insert into attend(fac_id, sem_id, stu_id, sub_id, attdate, attstatus) values(4,3,7,5,"2022-08-18","A");
insert into attend(fac_id, sem_id, stu_id, sub_id, attdate, attstatus) values(4,3,8,5,"2022-08-18","P");
insert into attend(fac_id, sem_id, stu_id, sub_id, attdate, attstatus) values(4,3,9,5,"2022-08-18","P");
insert into attend(fac_id, sem_id, stu_id, sub_id, attdate, attstatus) values(4,3,10,5,"2022-08-18","P");
insert into attend(fac_id, sem_id, stu_id, sub_id, attdate, attstatus) values(5,3,6,6,"2022-08-18","A");
insert into attend(fac_id, sem_id, stu_id, sub_id, attdate, attstatus) values(5,3,7,6,"2022-08-18","A");
insert into attend(fac_id, sem_id, stu_id, sub_id, attdate, attstatus) values(5,3,8,6,"2022-08-18","A");
insert into attend(fac_id, sem_id, stu_id, sub_id, attdate, attstatus) values(5,3,9,6,"2022-08-18","P");
insert into attend(fac_id, sem_id, stu_id, sub_id, attdate, attstatus) values(5,3,10,6,"2022-08-18","P");
insert into attend(fac_id, sem_id, stu_id, sub_id, attdate, attstatus) values(1,3,6,4,"2022-08-19","A");
insert into attend(fac_id, sem_id, stu_id, sub_id, attdate, attstatus) values(1,3,7,4,"2022-08-19","A");
insert into attend(fac_id, sem_id, stu_id, sub_id, attdate, attstatus) values(1,3,8,4,"2022-08-19","P");
insert into attend(fac_id, sem_id, stu_id, sub_id, attdate, attstatus) values(1,3,9,4,"2022-08-19","P");
insert into attend(fac_id, sem_id, stu_id, sub_id, attdate, attstatus) values(1,3,10,4,"2022-08-19","P");
insert into attend(fac_id, sem_id, stu_id, sub_id, attdate, attstatus) values(2,3,6,5,"2022-08-19","A");
insert into attend(fac_id, sem_id, stu_id, sub_id, attdate, attstatus) values(2,3,7,5,"2022-08-19","P");
insert into attend(fac_id, sem_id, stu_id, sub_id, attdate, attstatus) values(2,3,8,5,"2022-08-19","P");
insert into attend(fac_id, sem_id, stu_id, sub_id, attdate, attstatus) values(2,3,9,5,"2022-08-19","A");
insert into attend(fac_id, sem_id, stu_id, sub_id, attdate, attstatus) values(2,3,10,5,"2022-08-19","P");
insert into attend(fac_id, sem_id, stu_id, sub_id, attdate, attstatus) values(3,3,6,6,"2022-08-19","A");
insert into attend(fac_id, sem_id, stu_id, sub_id, attdate, attstatus) values(3,3,7,6,"2022-08-19","P");
insert into attend(fac_id, sem_id, stu_id, sub_id, attdate, attstatus) values(3,3,8,6,"2022-08-19","P");
insert into attend(fac_id, sem_id, stu_id, sub_id, attdate, attstatus) values(3,3,9,6,"2022-08-19","P");
insert into attend(fac_id, sem_id, stu_id, sub_id, attdate, attstatus) values(3,3,10,6,"2022-08-19","A");
insert into attend(fac_id, sem_id, stu_id, sub_id, attdate, attstatus) values(4,5,11,7,"2022-08-15","A");
insert into attend(fac_id, sem_id, stu_id, sub_id, attdate, attstatus) values(4,5,12,7,"2022-08-15","A");
insert into attend(fac_id, sem_id, stu_id, sub_id, attdate, attstatus) values(4,5,13,7,"2022-08-15","P");
insert into attend(fac_id, sem_id, stu_id, sub_id, attdate, attstatus) values(4,5,14,7,"2022-08-15","P");
insert into attend(fac_id, sem_id, stu_id, sub_id, attdate, attstatus) values(4,5,15,7,"2022-08-15","A");
insert into attend(fac_id, sem_id, stu_id, sub_id, attdate, attstatus) values(5,5,11,8,"2022-08-15","A");
insert into attend(fac_id, sem_id, stu_id, sub_id, attdate, attstatus) values(5,5,12,8,"2022-08-15","A");
insert into attend(fac_id, sem_id, stu_id, sub_id, attdate, attstatus) values(5,5,13,8,"2022-08-15","A");
insert into attend(fac_id, sem_id, stu_id, sub_id, attdate, attstatus) values(5,5,14,8,"2022-08-15","A");
insert into attend(fac_id, sem_id, stu_id, sub_id, attdate, attstatus) values(5,5,15,8,"2022-08-15","A");
insert into attend(fac_id, sem_id, stu_id, sub_id, attdate, attstatus) values(1,5,11,9,"2022-08-15","A");
insert into attend(fac_id, sem_id, stu_id, sub_id, attdate, attstatus) values(1,5,12,9,"2022-08-15","P");
insert into attend(fac_id, sem_id, stu_id, sub_id, attdate, attstatus) values(1,5,13,9,"2022-08-15","P");
insert into attend(fac_id, sem_id, stu_id, sub_id, attdate, attstatus) values(1,5,14,9,"2022-08-15","P");
insert into attend(fac_id, sem_id, stu_id, sub_id, attdate, attstatus) values(1,5,15,9,"2022-08-15","P");
insert into attend(fac_id, sem_id, stu_id, sub_id, attdate, attstatus) values(2,5,11,7,"2022-08-16","P");
insert into attend(fac_id, sem_id, stu_id, sub_id, attdate, attstatus) values(2,5,12,7,"2022-08-16","A");
insert into attend(fac_id, sem_id, stu_id, sub_id, attdate, attstatus) values(2,5,13,7,"2022-08-16","P");
insert into attend(fac_id, sem_id, stu_id, sub_id, attdate, attstatus) values(2,5,14,7,"2022-08-16","P");
insert into attend(fac_id, sem_id, stu_id, sub_id, attdate, attstatus) values(2,5,15,7,"2022-08-16","A");
insert into attend(fac_id, sem_id, stu_id, sub_id, attdate, attstatus) values(3,5,11,8,"2022-08-16","P");
insert into attend(fac_id, sem_id, stu_id, sub_id, attdate, attstatus) values(3,5,12,8,"2022-08-16","A");
insert into attend(fac_id, sem_id, stu_id, sub_id, attdate, attstatus) values(3,5,13,8,"2022-08-16","P");
insert into attend(fac_id, sem_id, stu_id, sub_id, attdate, attstatus) values(3,5,14,8,"2022-08-16","A");
insert into attend(fac_id, sem_id, stu_id, sub_id, attdate, attstatus) values(3,5,15,8,"2022-08-16","P");
insert into attend(fac_id, sem_id, stu_id, sub_id, attdate, attstatus) values(4,5,11,9,"2022-08-16","A");
insert into attend(fac_id, sem_id, stu_id, sub_id, attdate, attstatus) values(4,5,12,9,"2022-08-16","P");
insert into attend(fac_id, sem_id, stu_id, sub_id, attdate, attstatus) values(4,5,13,9,"2022-08-16","P");
insert into attend(fac_id, sem_id, stu_id, sub_id, attdate, attstatus) values(4,5,14,9,"2022-08-16","A");
insert into attend(fac_id, sem_id, stu_id, sub_id, attdate, attstatus) values(4,5,15,9,"2022-08-16","A");
insert into attend(fac_id, sem_id, stu_id, sub_id, attdate, attstatus) values(5,5,11,7,"2022-08-17","A");
insert into attend(fac_id, sem_id, stu_id, sub_id, attdate, attstatus) values(5,5,12,7,"2022-08-17","P");
insert into attend(fac_id, sem_id, stu_id, sub_id, attdate, attstatus) values(5,5,13,7,"2022-08-17","P");
insert into attend(fac_id, sem_id, stu_id, sub_id, attdate, attstatus) values(5,5,14,7,"2022-08-17","A");
insert into attend(fac_id, sem_id, stu_id, sub_id, attdate, attstatus) values(5,5,15,7,"2022-08-17","P");
insert into attend(fac_id, sem_id, stu_id, sub_id, attdate, attstatus) values(1,5,11,8,"2022-08-17","A");
insert into attend(fac_id, sem_id, stu_id, sub_id, attdate, attstatus) values(1,5,12,8,"2022-08-17","A");
insert into attend(fac_id, sem_id, stu_id, sub_id, attdate, attstatus) values(1,5,13,8,"2022-08-17","A");
insert into attend(fac_id, sem_id, stu_id, sub_id, attdate, attstatus) values(1,5,14,8,"2022-08-17","P");
insert into attend(fac_id, sem_id, stu_id, sub_id, attdate, attstatus) values(1,5,15,8,"2022-08-17","P");
insert into attend(fac_id, sem_id, stu_id, sub_id, attdate, attstatus) values(2,5,11,9,"2022-08-17","P");
insert into attend(fac_id, sem_id, stu_id, sub_id, attdate, attstatus) values(2,5,12,9,"2022-08-17","A");
insert into attend(fac_id, sem_id, stu_id, sub_id, attdate, attstatus) values(2,5,13,9,"2022-08-17","P");
insert into attend(fac_id, sem_id, stu_id, sub_id, attdate, attstatus) values(2,5,14,9,"2022-08-17","P");
insert into attend(fac_id, sem_id, stu_id, sub_id, attdate, attstatus) values(2,5,15,9,"2022-08-17","A");
insert into attend(fac_id, sem_id, stu_id, sub_id, attdate, attstatus) values(1,5,11,7,"2022-08-18","A");
insert into attend(fac_id, sem_id, stu_id, sub_id, attdate, attstatus) values(1,5,12,7,"2022-08-18","P");
insert into attend(fac_id, sem_id, stu_id, sub_id, attdate, attstatus) values(1,5,13,7,"2022-08-18","A");
insert into attend(fac_id, sem_id, stu_id, sub_id, attdate, attstatus) values(1,5,14,7,"2022-08-18","A");
insert into attend(fac_id, sem_id, stu_id, sub_id, attdate, attstatus) values(1,5,15,7,"2022-08-18","P");
insert into attend(fac_id, sem_id, stu_id, sub_id, attdate, attstatus) values(2,5,11,8,"2022-08-18","P");
insert into attend(fac_id, sem_id, stu_id, sub_id, attdate, attstatus) values(2,5,12,8,"2022-08-18","P");
insert into attend(fac_id, sem_id, stu_id, sub_id, attdate, attstatus) values(2,5,13,8,"2022-08-18","A");
insert into attend(fac_id, sem_id, stu_id, sub_id, attdate, attstatus) values(2,5,14,8,"2022-08-18","P");
insert into attend(fac_id, sem_id, stu_id, sub_id, attdate, attstatus) values(2,5,15,8,"2022-08-18","A");
insert into attend(fac_id, sem_id, stu_id, sub_id, attdate, attstatus) values(3,5,11,9,"2022-08-18","A");
insert into attend(fac_id, sem_id, stu_id, sub_id, attdate, attstatus) values(3,5,12,9,"2022-08-18","A");
insert into attend(fac_id, sem_id, stu_id, sub_id, attdate, attstatus) values(3,5,13,9,"2022-08-18","A");
insert into attend(fac_id, sem_id, stu_id, sub_id, attdate, attstatus) values(3,5,14,9,"2022-08-18","A");
insert into attend(fac_id, sem_id, stu_id, sub_id, attdate, attstatus) values(3,5,15,9,"2022-08-18","A");
insert into attend(fac_id, sem_id, stu_id, sub_id, attdate, attstatus) values(4,5,11,7,"2022-08-19","P");
insert into attend(fac_id, sem_id, stu_id, sub_id, attdate, attstatus) values(4,5,12,7,"2022-08-19","A");
insert into attend(fac_id, sem_id, stu_id, sub_id, attdate, attstatus) values(4,5,13,7,"2022-08-19","P");
insert into attend(fac_id, sem_id, stu_id, sub_id, attdate, attstatus) values(4,5,14,7,"2022-08-19","A");
insert into attend(fac_id, sem_id, stu_id, sub_id, attdate, attstatus) values(4,5,15,7,"2022-08-19","A");
insert into attend(fac_id, sem_id, stu_id, sub_id, attdate, attstatus) values(5,5,11,8,"2022-08-19","A");
insert into attend(fac_id, sem_id, stu_id, sub_id, attdate, attstatus) values(5,5,12,8,"2022-08-19","P");
insert into attend(fac_id, sem_id, stu_id, sub_id, attdate, attstatus) values(5,5,13,8,"2022-08-19","P");
insert into attend(fac_id, sem_id, stu_id, sub_id, attdate, attstatus) values(5,5,14,8,"2022-08-19","P");
insert into attend(fac_id, sem_id, stu_id, sub_id, attdate, attstatus) values(5,5,15,8,"2022-08-19","A");
insert into attend(fac_id, sem_id, stu_id, sub_id, attdate, attstatus) values(1,5,11,9,"2022-08-19","P");
insert into attend(fac_id, sem_id, stu_id, sub_id, attdate, attstatus) values(1,5,12,9,"2022-08-19","P");
insert into attend(fac_id, sem_id, stu_id, sub_id, attdate, attstatus) values(1,5,13,9,"2022-08-19","P");
insert into attend(fac_id, sem_id, stu_id, sub_id, attdate, attstatus) values(1,5,14,9,"2022-08-19","A");
insert into attend(fac_id, sem_id, stu_id, sub_id, attdate, attstatus) values(1,5,15,9,"2022-08-19","A");
insert into attend(fac_id, sem_id, stu_id, sub_id, attdate, attstatus) values(2,7,16,10,"2022-08-15","P");
insert into attend(fac_id, sem_id, stu_id, sub_id, attdate, attstatus) values(2,7,17,10,"2022-08-15","P");
insert into attend(fac_id, sem_id, stu_id, sub_id, attdate, attstatus) values(2,7,18,10,"2022-08-15","A");
insert into attend(fac_id, sem_id, stu_id, sub_id, attdate, attstatus) values(2,7,19,10,"2022-08-15","A");
insert into attend(fac_id, sem_id, stu_id, sub_id, attdate, attstatus) values(2,7,20,10,"2022-08-15","P");
insert into attend(fac_id, sem_id, stu_id, sub_id, attdate, attstatus) values(3,7,16,11,"2022-08-15","P");
insert into attend(fac_id, sem_id, stu_id, sub_id, attdate, attstatus) values(3,7,17,11,"2022-08-15","P");
insert into attend(fac_id, sem_id, stu_id, sub_id, attdate, attstatus) values(3,7,18,11,"2022-08-15","P");
insert into attend(fac_id, sem_id, stu_id, sub_id, attdate, attstatus) values(3,7,19,11,"2022-08-15","A");
insert into attend(fac_id, sem_id, stu_id, sub_id, attdate, attstatus) values(3,7,20,11,"2022-08-15","A");
insert into attend(fac_id, sem_id, stu_id, sub_id, attdate, attstatus) values(4,7,16,12,"2022-08-15","A");
insert into attend(fac_id, sem_id, stu_id, sub_id, attdate, attstatus) values(4,7,17,12,"2022-08-15","A");
insert into attend(fac_id, sem_id, stu_id, sub_id, attdate, attstatus) values(4,7,18,12,"2022-08-15","A");
insert into attend(fac_id, sem_id, stu_id, sub_id, attdate, attstatus) values(4,7,19,12,"2022-08-15","P");
insert into attend(fac_id, sem_id, stu_id, sub_id, attdate, attstatus) values(4,7,20,12,"2022-08-15","A");
insert into attend(fac_id, sem_id, stu_id, sub_id, attdate, attstatus) values(5,7,16,10,"2022-08-16","P");
insert into attend(fac_id, sem_id, stu_id, sub_id, attdate, attstatus) values(5,7,17,10,"2022-08-16","P");
insert into attend(fac_id, sem_id, stu_id, sub_id, attdate, attstatus) values(5,7,18,10,"2022-08-16","P");
insert into attend(fac_id, sem_id, stu_id, sub_id, attdate, attstatus) values(5,7,19,10,"2022-08-16","P");
insert into attend(fac_id, sem_id, stu_id, sub_id, attdate, attstatus) values(5,7,20,10,"2022-08-16","P");
insert into attend(fac_id, sem_id, stu_id, sub_id, attdate, attstatus) values(1,7,16,11,"2022-08-16","A");
insert into attend(fac_id, sem_id, stu_id, sub_id, attdate, attstatus) values(1,7,17,11,"2022-08-16","A");
insert into attend(fac_id, sem_id, stu_id, sub_id, attdate, attstatus) values(1,7,18,11,"2022-08-16","A");
insert into attend(fac_id, sem_id, stu_id, sub_id, attdate, attstatus) values(1,7,19,11,"2022-08-16","P");
insert into attend(fac_id, sem_id, stu_id, sub_id, attdate, attstatus) values(1,7,20,11,"2022-08-16","P");
insert into attend(fac_id, sem_id, stu_id, sub_id, attdate, attstatus) values(2,7,16,12,"2022-08-16","A");
insert into attend(fac_id, sem_id, stu_id, sub_id, attdate, attstatus) values(2,7,17,12,"2022-08-16","P");
insert into attend(fac_id, sem_id, stu_id, sub_id, attdate, attstatus) values(2,7,18,12,"2022-08-16","A");
insert into attend(fac_id, sem_id, stu_id, sub_id, attdate, attstatus) values(2,7,19,12,"2022-08-16","A");
insert into attend(fac_id, sem_id, stu_id, sub_id, attdate, attstatus) values(2,7,20,12,"2022-08-16","A");
insert into attend(fac_id, sem_id, stu_id, sub_id, attdate, attstatus) values(3,7,16,10,"2022-08-17","A");
insert into attend(fac_id, sem_id, stu_id, sub_id, attdate, attstatus) values(3,7,17,10,"2022-08-17","P");
insert into attend(fac_id, sem_id, stu_id, sub_id, attdate, attstatus) values(3,7,18,10,"2022-08-17","A");
insert into attend(fac_id, sem_id, stu_id, sub_id, attdate, attstatus) values(3,7,19,10,"2022-08-17","A");
insert into attend(fac_id, sem_id, stu_id, sub_id, attdate, attstatus) values(3,7,20,10,"2022-08-17","A");
insert into attend(fac_id, sem_id, stu_id, sub_id, attdate, attstatus) values(4,7,16,11,"2022-08-17","P");
insert into attend(fac_id, sem_id, stu_id, sub_id, attdate, attstatus) values(4,7,17,11,"2022-08-17","A");
insert into attend(fac_id, sem_id, stu_id, sub_id, attdate, attstatus) values(4,7,18,11,"2022-08-17","P");
insert into attend(fac_id, sem_id, stu_id, sub_id, attdate, attstatus) values(4,7,19,11,"2022-08-17","P");
insert into attend(fac_id, sem_id, stu_id, sub_id, attdate, attstatus) values(4,7,20,11,"2022-08-17","A");
insert into attend(fac_id, sem_id, stu_id, sub_id, attdate, attstatus) values(5,7,16,12,"2022-08-17","P");
insert into attend(fac_id, sem_id, stu_id, sub_id, attdate, attstatus) values(5,7,17,12,"2022-08-17","A");
insert into attend(fac_id, sem_id, stu_id, sub_id, attdate, attstatus) values(5,7,18,12,"2022-08-17","P");
insert into attend(fac_id, sem_id, stu_id, sub_id, attdate, attstatus) values(5,7,19,12,"2022-08-17","A");
insert into attend(fac_id, sem_id, stu_id, sub_id, attdate, attstatus) values(5,7,20,12,"2022-08-17","A");
insert into attend(fac_id, sem_id, stu_id, sub_id, attdate, attstatus) values(1,7,16,10,"2022-08-18","A");
insert into attend(fac_id, sem_id, stu_id, sub_id, attdate, attstatus) values(1,7,17,10,"2022-08-18","A");
insert into attend(fac_id, sem_id, stu_id, sub_id, attdate, attstatus) values(1,7,18,10,"2022-08-18","A");
insert into attend(fac_id, sem_id, stu_id, sub_id, attdate, attstatus) values(1,7,19,10,"2022-08-18","P");
insert into attend(fac_id, sem_id, stu_id, sub_id, attdate, attstatus) values(1,7,20,10,"2022-08-18","A");
insert into attend(fac_id, sem_id, stu_id, sub_id, attdate, attstatus) values(2,7,16,11,"2022-08-18","A");
insert into attend(fac_id, sem_id, stu_id, sub_id, attdate, attstatus) values(2,7,17,11,"2022-08-18","P");
insert into attend(fac_id, sem_id, stu_id, sub_id, attdate, attstatus) values(2,7,18,11,"2022-08-18","A");
insert into attend(fac_id, sem_id, stu_id, sub_id, attdate, attstatus) values(2,7,19,11,"2022-08-18","P");
insert into attend(fac_id, sem_id, stu_id, sub_id, attdate, attstatus) values(2,7,20,11,"2022-08-18","P");
insert into attend(fac_id, sem_id, stu_id, sub_id, attdate, attstatus) values(3,7,16,12,"2022-08-18","P");
insert into attend(fac_id, sem_id, stu_id, sub_id, attdate, attstatus) values(3,7,17,12,"2022-08-18","P");
insert into attend(fac_id, sem_id, stu_id, sub_id, attdate, attstatus) values(3,7,18,12,"2022-08-18","P");
insert into attend(fac_id, sem_id, stu_id, sub_id, attdate, attstatus) values(3,7,19,12,"2022-08-18","P");
insert into attend(fac_id, sem_id, stu_id, sub_id, attdate, attstatus) values(3,7,20,12,"2022-08-18","A");
insert into attend(fac_id, sem_id, stu_id, sub_id, attdate, attstatus) values(4,7,16,10,"2022-08-19","A");
insert into attend(fac_id, sem_id, stu_id, sub_id, attdate, attstatus) values(4,7,17,10,"2022-08-19","P");
insert into attend(fac_id, sem_id, stu_id, sub_id, attdate, attstatus) values(4,7,18,10,"2022-08-19","A");
insert into attend(fac_id, sem_id, stu_id, sub_id, attdate, attstatus) values(4,7,19,10,"2022-08-19","A");
insert into attend(fac_id, sem_id, stu_id, sub_id, attdate, attstatus) values(4,7,20,10,"2022-08-19","A");
insert into attend(fac_id, sem_id, stu_id, sub_id, attdate, attstatus) values(5,7,16,11,"2022-08-19","A");
insert into attend(fac_id, sem_id, stu_id, sub_id, attdate, attstatus) values(5,7,17,11,"2022-08-19","P");
insert into attend(fac_id, sem_id, stu_id, sub_id, attdate, attstatus) values(5,7,18,11,"2022-08-19","P");
insert into attend(fac_id, sem_id, stu_id, sub_id, attdate, attstatus) values(5,7,19,11,"2022-08-19","A");
insert into attend(fac_id, sem_id, stu_id, sub_id, attdate, attstatus) values(5,7,20,11,"2022-08-19","A");
insert into attend(fac_id, sem_id, stu_id, sub_id, attdate, attstatus) values(1,7,16,12,"2022-08-19","A");
insert into attend(fac_id, sem_id, stu_id, sub_id, attdate, attstatus) values(1,7,17,12,"2022-08-19","P");
insert into attend(fac_id, sem_id, stu_id, sub_id, attdate, attstatus) values(1,7,18,12,"2022-08-19","P");
insert into attend(fac_id, sem_id, stu_id, sub_id, attdate, attstatus) values(1,7,19,12,"2022-08-19","P");
insert into attend(fac_id, sem_id, stu_id, sub_id, attdate, attstatus) values(1,7,20,12,"2022-08-19","P");
